telegram_id,user_id,post_url,campaign_tag,message_sent_at,message_status,event_sent_at,event_status
806211815,79e937e9-226d-49d3-b49a-59e2e7db1183,https://t.me/c/2620006618/60,wb_adelina_1,,Bad Request: chat not found,,
7644609594,7f8680ea-7228-4929-bf0e-41d5a5b3badc,https://t.me/c/2620006618/60,wb_adelina_1,,Forbidden: bot was blocked by the user,,
5135676309,0566597a-f98c-4b74-8303-ad0c296ebe41,https://t.me/c/2620006618/60,wb_adelina_1,,Bad Request: chat not found,,
1674968796,fc58c258-a316-4370-aed9-ad2c53cf61b9,https://t.me/c/2620006618/60,wb_adelina_1,,Forbidden: bot was blocked by the user,,
7165575168,b47da76c-e976-45cf-b770-95e28b2382b4,https://t.me/c/2620006618/60,wb_adelina_1,,Forbidden: bot was blocked by the user,,
6377794135,75993c94-17c5-4195-8a53-9ca02080a021,https://t.me/c/2620006618/60,wb_adelina_1,,Forbidden: bot was blocked by the user,,
8036897376,1c80a29d-b0ca-4d38-882a-ed93ae6bd87d,https://t.me/c/2620006618/60,wb_adelina_1,,Forbidden: bot was blocked by the user,,
7553614564,68ef95da-aaec-471b-ab13-951eafb36c5e,https://t.me/c/2620006618/60,wb_adelina_1,,Bad Request: chat not found,,
7130834024,991c03dd-8349-45b2-8e80-c5db4debfbf4,https://t.me/c/2620006618/60,wb_adelina_1,,Forbidden: bot was blocked by the user,,
7255737172,7ec8a9e0-0f5b-4e61-a35a-cc8e5a883623,https://t.me/c/2620006618/60,wb_adelina_1,,Bad Request: chat not found,,
777823499,1375cf75-a6bc-4fbb-81a6-07e55965c9cc,https://t.me/c/2620006618/60,wb_adelina_1,,Forbidden: bot was blocked by the user,,
7421773594,f967680f-f77d-4a28-b5e3-02263ae6dd08,https://t.me/c/2620006618/60,wb_adelina_1,,Bad Request: chat not found,,
6224204206,e123d024-ac9f-4897-a95f-85c66044d5fa,https://t.me/c/2620006618/60,wb_adelina_1,2025-07-08T19:22:19.962133+00:00,ok,2025-07-08T19:22:21.837258+00:00,ok
7936546945,5baee495-01c8-4bb1-b46b-e5c16b59d54d,https://t.me/c/2620006618/60,wb_adelina_1,2025-07-08T19:22:22.903112+00:00,ok,2025-07-08T19:22:24.575631+00:00,ok
1403839440,e86c0d1d-085a-4f1f-9b98-b9a6f782f4aa,https://t.me/c/2620006618/60,wb_adelina_1,,Forbidden: bot was blocked by the user,,
895934404,54022f70-0b21-4ab5-926b-a0b61d5b051a,https://t.me/c/2620006618/60,wb_adelina_1,,Bad Request: chat not found,,
7699111912,81055b7d-d8c2-4be4-af29-0bf916cba228,https://t.me/c/2620006618/60,wb_adelina_1,2025-07-08T19:22:27.785537+00:00,ok,2025-07-08T19:22:29.536135+00:00,ok
6625093113,00dd0e24-e55f-4146-a322-ee3f1d144551,https://t.me/c/2620006618/60,wb_adelina_1,,Forbidden: bot was blocked by the user,,
5497998854,fc5beb07-e67e-40f6-8e60-c41b438d2aed,https://t.me/c/2620006618/60,wb_adelina_1,,Bad Request: chat not found,,
5145633533,d1c400c0-1eb5-4216-9fa3-0c9d344f2a2c,https://t.me/c/2620006618/60,wb_adelina_1,2025-07-08T19:22:32.744429+00:00,ok,2025-07-08T19:22:34.658254+00:00,ok
8051457616,a9c6aafc-e6cd-46cb-a357-e1629645a272,https://t.me/c/2620006618/60,wb_adelina_1,2025-07-08T19:22:35.800358+00:00,ok,2025-07-08T19:22:37.442666+00:00,ok
1721961354,c3f3532d-51c6-4905-8f9a-d446498411e5,https://t.me/c/2620006618/60,wb_adelina_1,2025-07-08T19:22:38.504172+00:00,ok,2025-07-08T19:22:40.217570+00:00,ok
6976964454,a772751a-071c-479a-afdf-62e749115bee,https://t.me/c/2620006618/60,wb_adelina_1,,Forbidden: bot was blocked by the user,,
7549861507,22c64764-fb9c-4c0f-a9c8-c384074c1474,https://t.me/c/2620006618/60,wb_adelina_1,2025-07-08T19:22:42.461759+00:00,ok,2025-07-08T19:22:44.225754+00:00,ok
7865448377,43c50f98-3c6f-4b88-885e-a213d1e72d80,https://t.me/c/2620006618/60,wb_adelina_1,2025-07-08T19:22:45.305188+00:00,ok,2025-07-08T19:22:46.976785+00:00,ok
585756358,0dab27b8-5f4a-4d2a-85b2-64ea432553d1,https://t.me/c/2620006618/60,wb_adelina_1,,Forbidden: bot was blocked by the user,,
6921142799,1d8e8ed2-b811-4f18-8f90-2f73ff1c497a,https://t.me/c/2620006618/60,wb_adelina_1,2025-07-08T19:22:49.389269+00:00,ok,2025-07-08T19:22:51.136817+00:00,ok
5982360060,0e78d6c9-036f-4448-899f-030b8c535f9b,https://t.me/c/2620006618/60,wb_adelina_1,,Forbidden: bot was blocked by the user,,
6203330985,758abf82-5be1-4091-80f8-c1c04ad5b2c1,https://t.me/c/2620006618/60,wb_adelina_1,,Bad Request: chat not found,,
6449179583,d23011d7-d980-4f87-b642-ac99e1d77ab8,https://t.me/c/2620006618/60,wb_adelina_1,2025-07-08T19:22:54.626527+00:00,ok,2025-07-08T19:22:56.299401+00:00,ok
76976,86c7340e-2312-4a74-a903-f8805a1952dc,https://t.me/c/2620006618/60,wb_adelina_1,2025-07-08T19:22:57.614275+00:00,ok,2025-07-08T19:22:59.333424+00:00,ok
7763378859,faaabc67-81a9-47dc-ae65-62f2320076bd,https://t.me/c/2620006618/60,wb_adelina_1,,Forbidden: bot was blocked by the user,,
5227543464,04b2c845-bfd4-4d13-9061-ebf13b52a06b,https://t.me/c/2620006618/60,wb_adelina_1,,Forbidden: bot was blocked by the user,,
6797105566,cabcf5c7-af45-49f5-9f44-74481206ddbb,https://t.me/c/2620006618/60,wb_adelina_1,,Forbidden: bot was blocked by the user,,
7873375033,e6911694-13d5-4115-8ab6-e3d73a9bf9d9,https://t.me/c/2620006618/60,wb_adelina_1,2025-07-08T19:23:03.616556+00:00,ok,2025-07-08T19:23:05.320926+00:00,ok
7303748504,3407d9c0-bce1-4feb-82a2-b7f6b575cfa9,https://t.me/c/2620006618/60,wb_adelina_1,,Forbidden: bot was blocked by the user,,
6921515692,8d1191ae-e3e9-4057-9f27-23e698cec9ba,https://t.me/c/2620006618/60,wb_adelina_1,2025-07-08T19:23:07.437602+00:00,ok,2025-07-08T19:23:09.108598+00:00,ok
5624066999,614e3548-7825-4a5f-a800-480bb699c1b3,https://t.me/c/2620006618/60,wb_adelina_1,,Forbidden: bot was blocked by the user,,
1938846569,56976b0a-7b17-410f-acc4-a42f4ea513d8,https://t.me/c/2620006618/60,wb_adelina_1,2025-07-08T19:23:11.243690+00:00,ok,2025-07-08T19:23:12.792670+00:00,ok
1832346450,cd456920-c9c3-4bc7-bcf8-2777b5e85b5d,https://t.me/c/2620006618/60,wb_adelina_1,,Forbidden: bot was blocked by the user,,
8157106298,dd411bb4-1085-4917-b418-06a852b40b31,https://t.me/c/2620006618/60,wb_adelina_1,2025-07-08T19:23:15.014989+00:00,ok,2025-07-08T19:23:16.687560+00:00,ok
2126366639,22094f9b-d182-493e-b1fb-d03765247c54,https://t.me/c/2620006618/60,wb_adelina_1,2025-07-08T19:23:17.855565+00:00,ok,2025-07-08T19:23:19.525598+00:00,ok
7157875481,d1e9ea64-b66d-4a1f-8bb2-e908e87f223f,https://t.me/c/2620006618/60,wb_adelina_1,2025-07-08T19:23:20.685087+00:00,ok,2025-07-08T19:23:22.450637+00:00,ok
8156521631,592e76b5-0ce4-411e-b4fd-05c14ef61356,https://t.me/c/2620006618/60,wb_adelina_1,2025-07-08T19:23:23.776957+00:00,ok,2025-07-08T19:23:25.454301+00:00,ok
7725908325,ffdd0cac-de04-4145-95a8-fe9f89f33e52,https://t.me/c/2620006618/60,wb_adelina_1,2025-07-08T19:23:26.531931+00:00,ok,2025-07-08T19:23:28.167144+00:00,ok
7795777268,9f8289af-9e12-4d25-91a1-a9ad4d6ebffd,https://t.me/c/2620006618/60,wb_adelina_1,2025-07-08T19:23:29.327228+00:00,ok,2025-07-08T19:23:30.972501+00:00,ok
7746695322,a1a87a9b-f37e-4698-9295-06108b04793a,https://t.me/c/2620006618/60,wb_adelina_1,,Forbidden: bot was blocked by the user,,
1734811424,46afa3ec-cf79-4646-b1d7-a3c62a865d6a,https://t.me/c/2620006618/58,wb_aiko_1,2025-07-08T19:23:33.534669+00:00,ok,2025-07-08T19:23:35.212831+00:00,ok
6777848840,b1154a3e-e8d6-44d3-8642-072614f343af,https://t.me/c/2620006618/58,wb_aiko_1,,Forbidden: bot was blocked by the user,,
7300950615,3aa1f1fb-7c56-446b-b6d4-819d664cc458,https://t.me/c/2620006618/58,wb_aiko_1,,Forbidden: bot was blocked by the user,,
7971846312,99edc2de-df4c-4234-838f-97bbdd7a743b,https://t.me/c/2620006618/58,wb_aiko_1,,Forbidden: bot was blocked by the user,,
6658777078,7886b3c8-d624-4e0d-84a2-c2572f433457,https://t.me/c/2620006618/58,wb_aiko_1,,Forbidden: bot was blocked by the user,,
7007007970,292c7b9b-6c32-4556-8f12-fe4e6e60ad66,https://t.me/c/2620006618/58,wb_aiko_1,,Forbidden: bot was blocked by the user,,
6345788344,65dbd564-99fa-4343-9845-07f946649d79,https://t.me/c/2620006618/58,wb_aiko_1,2025-07-08T19:23:41.716384+00:00,ok,2025-07-08T19:23:43.374915+00:00,ok
7185604917,e415b4d4-c896-4fb5-b55c-3640ea869ed7,https://t.me/c/2620006618/58,wb_aiko_1,2025-07-08T19:23:44.497221+00:00,ok,2025-07-08T19:23:46.305499+00:00,ok
7919674551,725945b7-26c5-4a93-acc4-eb2141d86d39,https://t.me/c/2620006618/58,wb_aiko_1,2025-07-08T19:23:47.505412+00:00,ok,2025-07-08T19:23:49.132659+00:00,ok
1971703376,3ee98b8f-01d9-4cdf-893a-8e61589fb047,https://t.me/c/2620006618/58,wb_aiko_1,2025-07-08T19:23:50.313433+00:00,ok,2025-07-08T19:23:51.905100+00:00,ok
5224860834,23ac7cfe-7624-4274-a567-d2daae9cedfe,https://t.me/c/2620006618/58,wb_aiko_1,,Forbidden: bot was blocked by the user,,
7883137396,e5abc86b-5d36-4386-aec8-8a55fcbe2ab2,https://t.me/c/2620006618/58,wb_aiko_1,2025-07-08T19:23:54.288741+00:00,ok,2025-07-08T19:23:56.034494+00:00,ok
2038113528,a1ac3935-6660-4390-98f2-e772cb0ad688,https://t.me/c/2620006618/58,wb_aiko_1,,Forbidden: bot was blocked by the user,,
1127803164,36420ed3-93a2-48f4-8fe2-cda1c27fddcf,https://t.me/c/2620006618/58,wb_aiko_1,,Forbidden: bot was blocked by the user,,
6941089548,ea48bbb7-1480-40d4-9727-18c6f1125e76,https://t.me/c/2620006618/58,wb_aiko_1,2025-07-08T19:23:59.318203+00:00,ok,2025-07-08T19:24:01.011991+00:00,ok
7747094241,1ee88347-904c-4480-8d1b-f592b08467eb,https://t.me/c/2620006618/58,wb_aiko_1,,Forbidden: bot was blocked by the user,,
8098010450,e740f266-4571-4d90-bfe0-01206214c53f,https://t.me/c/2620006618/58,wb_aiko_1,,Forbidden: bot was blocked by the user,,
7601727158,99d00f7c-db50-4560-8c4e-ab75f60caaed,https://t.me/c/2620006618/58,wb_aiko_1,2025-07-08T19:24:04.343938+00:00,ok,2025-07-08T19:24:05.929416+00:00,ok
7512254394,b583bd42-0c9d-4269-b880-8f30d8660881,https://t.me/c/2620006618/58,wb_aiko_1,,Forbidden: bot was blocked by the user,,
952493098,2dd0b0d5-e396-489d-bbda-495209c40be1,https://t.me/c/2620006618/58,wb_aiko_1,2025-07-08T19:24:08.180020+00:00,ok,2025-07-08T19:24:09.909108+00:00,ok
7595616353,a81943b9-887b-47d4-be7f-2a3b9fe6aedc,https://t.me/c/2620006618/58,wb_aiko_1,2025-07-08T19:24:11.167072+00:00,ok,2025-07-08T19:24:12.769801+00:00,ok
7961939088,fc7157e6-0511-4928-926c-11170fc9a2db,https://t.me/c/2620006618/58,wb_aiko_1,,Forbidden: bot was blocked by the user,,
1626323876,74ee65ee-2a7d-49cb-a0a8-a43c6789c0cb,https://t.me/c/2620006618/58,wb_aiko_1,2025-07-08T19:24:14.926602+00:00,ok,2025-07-08T19:24:16.649819+00:00,ok
7656964134,ba4d71ed-a5e7-4789-a8e7-480783bb687a,https://t.me/c/2620006618/58,wb_aiko_1,,Forbidden: bot was blocked by the user,,
627668356,73e33f2f-5947-4ae8-a374-144b62c86c86,https://t.me/c/2620006618/58,wb_aiko_1,,Forbidden: bot was blocked by the user,,
6655872841,da61a5ad-b176-4849-8172-03d703764d9d,https://t.me/c/2620006618/58,wb_aiko_1,2025-07-08T19:24:19.960259+00:00,ok,2025-07-08T19:24:21.601124+00:00,ok
6494355212,3854130f-50fa-499b-add2-3ef7faea29ba,https://t.me/c/2620006618/58,wb_aiko_1,,Forbidden: bot was blocked by the user,,
2109681415,013a17c9-20e7-4bf1-81e8-04e2a2fd0eed,https://t.me/c/2620006618/58,wb_aiko_1,2025-07-08T19:24:23.843112+00:00,ok,2025-07-08T19:24:25.552491+00:00,ok
1435547999,3c3ce076-53ed-4626-b704-582343a70f6e,https://t.me/c/2620006618/58,wb_aiko_1,2025-07-08T19:24:26.726457+00:00,ok,2025-07-08T19:24:28.276736+00:00,ok
5466836114,5ce29ff6-a98a-4870-9f0b-ce035eae9de9,https://t.me/c/2620006618/58,wb_aiko_1,,Forbidden: bot was blocked by the user,,
8159560650,42d5f8a6-524c-4582-972d-21a5f657f677,https://t.me/c/2620006618/58,wb_aiko_1,,Forbidden: user is deactivated,,
5224379503,6a9ca114-c306-4812-a9ba-2a217c87a3fb,https://t.me/c/2620006618/58,wb_aiko_1,,Forbidden: bot was blocked by the user,,
5908076945,23af12b0-33ad-407c-b83b-ee400005351c,https://t.me/c/2620006618/58,wb_aiko_1,,Forbidden: bot was blocked by the user,,
1162011929,a160defd-c805-4e1d-a8dc-9a7263e4a429,https://t.me/c/2620006618/58,wb_aiko_1,,Forbidden: bot was blocked by the user,,
6839923057,528e35fb-830d-498f-941d-112591a72fed,https://t.me/c/2620006618/58,wb_aiko_1,,Forbidden: bot was blocked by the user,,
6903688694,46b6ffff-71b3-41c6-91ae-47b7731fb479,https://t.me/c/2620006618/58,wb_aiko_1,2025-07-08T19:24:35.912255+00:00,ok,2025-07-08T19:24:37.689221+00:00,ok
7899574175,1c66fd3d-1aa1-43fa-8578-4eec23e4927e,https://t.me/c/2620006618/58,wb_aiko_1,,Forbidden: bot was blocked by the user,,
6046923796,6d4c7349-e3d1-41d5-a65c-6d42efc11a7c,https://t.me/c/2620006618/58,wb_aiko_1,2025-07-08T19:24:39.899866+00:00,ok,2025-07-08T19:24:41.679759+00:00,ok
5287621077,75d4783b-5594-4c54-8117-9b9842263b4c,https://t.me/c/2620006618/58,wb_aiko_1,2025-07-08T19:24:42.821160+00:00,ok,2025-07-08T19:24:44.439197+00:00,ok
1844144236,9383a157-882c-4d94-bee9-9fb4eaa9bfe5,https://t.me/c/2620006618/58,wb_aiko_1,2025-07-08T19:24:45.565355+00:00,ok,2025-07-08T19:24:47.383429+00:00,ok
6530427502,0489bda7-4417-44b3-9f36-f35856024e75,https://t.me/c/2620006618/58,wb_aiko_1,2025-07-08T19:24:48.485125+00:00,ok,2025-07-08T19:24:50.233030+00:00,ok
7877946077,83a7c255-b157-45a2-a6b0-19dfe3e89b09,https://t.me/c/2620006618/58,wb_aiko_1,2025-07-08T19:24:51.395602+00:00,ok,2025-07-08T19:24:53.103441+00:00,ok
8020626676,2ef2c38b-e88e-466e-8286-2b5bc96b9dda,https://t.me/c/2620006618/58,wb_aiko_1,,Forbidden: bot was blocked by the user,,
6182067878,96cf2777-5ae0-45a2-ad7d-03e90d111722,https://t.me/c/2620006618/58,wb_aiko_1,2025-07-08T19:24:55.371095+00:00,ok,2025-07-08T19:24:57.260050+00:00,ok
6394589750,e335c0a9-6811-4e6d-829a-227c96d6d928,https://t.me/c/2620006618/58,wb_aiko_1,2025-07-08T19:24:58.395634+00:00,ok,2025-07-08T19:25:00.074427+00:00,ok
6792187470,85e9a998-51e7-495d-adba-eec1360a4b37,https://t.me/c/2620006618/58,wb_aiko_1,,Forbidden: bot was blocked by the user,,
7927470817,daf7f733-53ed-4308-87a2-18ce8695e3c9,https://t.me/c/2620006618/58,wb_aiko_1,2025-07-08T19:25:02.314348+00:00,ok,2025-07-08T19:25:04.220962+00:00,ok
6641343727,30585db5-aa21-4f11-99c7-f05ac02ef884,https://t.me/c/2620006618/58,wb_aiko_1,2025-07-08T19:25:05.305676+00:00,ok,2025-07-08T19:25:07.075776+00:00,ok
1937380005,9a2fa2ec-2ef0-43b5-8c72-1efdaad6e0ba,https://t.me/c/2620006618/58,wb_aiko_1,2025-07-08T19:25:08.154209+00:00,ok,2025-07-08T19:25:09.790042+00:00,ok
1299078562,b2fa3f49-1df5-4424-9d06-f876a87fac06,https://t.me/c/2620006618/58,wb_aiko_1,,Forbidden: bot was blocked by the user,,
7427557868,960de4f5-3338-4b46-aecd-dacf082f1743,https://t.me/c/2620006618/58,wb_aiko_1,2025-07-08T19:25:11.954432+00:00,ok,2025-07-08T19:25:13.707286+00:00,ok
5402260154,30326a25-7452-4166-b695-69674d1bd29c,https://t.me/c/2620006618/58,wb_aiko_1,,Forbidden: bot was blocked by the user,,
7303037647,df67bcb3-4c57-45fe-b759-bd5fa6bf0c29,https://t.me/c/2620006618/58,wb_aiko_1,2025-07-08T19:25:15.992875+00:00,ok,2025-07-08T19:25:17.709693+00:00,ok
5653176932,29d6f8df-d464-489e-a40c-1b2557fbc527,https://t.me/c/2620006618/58,wb_aiko_1,,Forbidden: bot was blocked by the user,,
7868017566,46e3bf91-cce7-4721-b624-1ee7b29ea853,https://t.me/c/2620006618/58,wb_aiko_1,,Forbidden: bot was blocked by the user,,
7030813264,0078bb0a-b422-49c7-9b4a-56a41ed75d8c,https://t.me/c/2620006618/58,wb_aiko_1,,Forbidden: bot was blocked by the user,,
7908595815,99bf6e85-e59d-48d0-aac9-f11b27b9e4f2,https://t.me/c/2620006618/58,wb_aiko_1,,Forbidden: bot was blocked by the user,,
2093896511,56793a7c-0d55-4452-8907-e8bba8ccf2c7,https://t.me/c/2620006618/58,wb_aiko_1,,Forbidden: bot was blocked by the user,,
6984231305,088a2c2d-3153-4209-9aa6-1a545f9f01bb,https://t.me/c/2620006618/58,wb_aiko_1,2025-07-08T19:25:24.719100+00:00,ok,2025-07-08T19:25:26.474273+00:00,ok
6854401359,70c36e5a-7d8e-40b8-b1f2-9176664291a6,https://t.me/c/2620006618/58,wb_aiko_1,,Forbidden: bot was blocked by the user,,
5022292402,2dd6f6ff-9f8b-4ead-a015-b40dd574e1d1,https://t.me/c/2620006618/58,wb_aiko_1,2025-07-08T19:25:28.922455+00:00,ok,2025-07-08T19:25:30.595632+00:00,ok
1854185068,03a8b718-c2c4-4bc5-99f1-b7f7ed3d1807,https://t.me/c/2620006618/58,wb_aiko_1,2025-07-08T19:25:31.678279+00:00,ok,2025-07-08T19:25:33.340044+00:00,ok
5098804364,5f858d90-bf11-48d5-bcee-383ea80afdf1,https://t.me/c/2620006618/58,wb_aiko_1,,Forbidden: bot was blocked by the user,,
5043816609,51a7aee7-f9d6-41aa-b8da-6e053a6331ff,https://t.me/c/2620006618/58,wb_aiko_1,,Forbidden: bot was blocked by the user,,
859253826,a4b5872b-9592-4921-ad79-6980d21eecca,https://t.me/c/2620006618/58,wb_aiko_1,2025-07-08T19:25:36.961448+00:00,ok,2025-07-08T19:25:38.800784+00:00,ok
859845396,13444495-79a7-45ef-a1e4-818f2b01fb1b,https://t.me/c/2620006618/58,wb_aiko_1,,Forbidden: user is deactivated,,
6856587703,e70f89ec-a36b-4017-b760-ec75655379d5,https://t.me/c/2620006618/58,wb_aiko_1,,Forbidden: bot was blocked by the user,,
1301393362,97073f37-db9d-4e82-a8a6-7ca4a4fb6fed,https://t.me/c/2620006618/58,wb_aiko_1,,Forbidden: bot was blocked by the user,,
6612854730,2ebf48d0-52f4-400f-a12a-3df565adb8bf,https://t.me/c/2620006618/58,wb_aiko_1,2025-07-08T19:25:43.198241+00:00,ok,2025-07-08T19:25:44.855549+00:00,ok
7405640456,dab5c50f-3cc1-4bdf-acaf-4127d3436740,https://t.me/c/2620006618/58,wb_aiko_1,2025-07-08T19:25:46.118273+00:00,ok,2025-07-08T19:25:47.917175+00:00,ok
6873209307,1195469d-5abf-4d3b-8c5c-f37de5d185cf,https://t.me/c/2620006618/58,wb_aiko_1,,Forbidden: bot was blocked by the user,,
6297606940,1cd634f3-afd2-4fdd-bba9-74058875dddc,https://t.me/c/2620006618/58,wb_aiko_1,2025-07-08T19:25:50.124509+00:00,ok,2025-07-08T19:25:51.715616+00:00,ok
6568352558,8756f90c-6428-410d-94c2-87af1847110e,https://t.me/c/2620006618/58,wb_aiko_1,2025-07-08T19:25:52.793083+00:00,ok,2025-07-08T19:25:54.533045+00:00,ok
7422341061,23f84901-534d-4e6c-b464-82597a2390ab,https://t.me/c/2620006618/58,wb_aiko_1,,Forbidden: bot was blocked by the user,,
1390518822,0e3691d0-56cb-469f-bc46-593415a57b72,https://t.me/c/2620006618/58,wb_aiko_1,,Forbidden: bot was blocked by the user,,
6875082782,97165fef-6c25-43b7-b8e0-ecce7a48d80f,https://t.me/c/2620006618/58,wb_aiko_1,2025-07-08T19:25:58.039061+00:00,ok,2025-07-08T19:25:59.674416+00:00,ok
5745383093,b83a763b-d215-40ac-b2db-84aa2d475258,https://t.me/c/2620006618/58,wb_aiko_1,2025-07-08T19:26:00.761492+00:00,ok,2025-07-08T19:26:02.460586+00:00,ok
1198714198,5e4e8941-3ae5-4afc-b216-b8725d522083,https://t.me/c/2620006618/58,wb_aiko_1,,Forbidden: bot was blocked by the user,,
7292663035,5f46a7b3-45c9-428c-ba36-f6078632a36f,https://t.me/c/2620006618/58,wb_aiko_1,,Forbidden: bot was blocked by the user,,
1794896187,8721817b-c335-47d1-9f19-31b3990cb6a1,https://t.me/c/2620006618/58,wb_aiko_1,,Forbidden: bot was blocked by the user,,
5206514496,154abf26-ca4f-44e5-800f-042be31c6c8e,https://t.me/c/2620006618/58,wb_aiko_1,2025-07-08T19:26:06.847371+00:00,ok,2025-07-08T19:26:08.576060+00:00,ok
5942023643,a77afa03-27d3-49fd-8553-650a8460d962,https://t.me/c/2620006618/58,wb_aiko_1,2025-07-08T19:26:09.664482+00:00,ok,2025-07-08T19:26:11.261853+00:00,ok
7953299005,7c5c9bd1-6d6a-4cc0-bcff-705ff9407056,https://t.me/c/2620006618/58,wb_aiko_1,,Forbidden: bot was blocked by the user,,
5569731074,5eec9d7c-2b5b-49b0-bfff-cd20cb20a2dc,https://t.me/c/2620006618/58,wb_aiko_1,2025-07-08T19:26:13.423966+00:00,ok,2025-07-08T19:26:15.120347+00:00,ok
261260017,1530b6ae-d8c1-4d93-8e6a-423b6bb7094e,https://t.me/c/2620006618/58,wb_aiko_1,2025-07-08T19:26:16.416911+00:00,ok,2025-07-08T19:26:18.103638+00:00,ok
1214523710,91c214c1-7127-4a90-bb70-1e5e7dacbb74,https://t.me/c/2620006618/58,wb_aiko_1,,Forbidden: bot was blocked by the user,,
8020259956,ae9a4ee8-c544-4ed7-9127-e7e5bec20161,https://t.me/c/2620006618/58,wb_aiko_1,2025-07-08T19:26:20.235369+00:00,ok,2025-07-08T19:26:21.910948+00:00,ok
8164851639,0361ae30-775f-4fb5-99dc-547bd491f3d5,https://t.me/c/2620006618/58,wb_aiko_1,2025-07-08T19:26:22.998437+00:00,ok,2025-07-08T19:26:24.698087+00:00,ok
7259201880,fdb9ff8a-f02a-4776-980f-59cdb65e1541,https://t.me/c/2620006618/57,wb_ellie_1,2025-07-08T19:26:25.794198+00:00,ok,2025-07-08T19:26:27.462169+00:00,ok
996344675,3880333b-e57c-4c0c-a48a-929ee9eaaf6e,https://t.me/c/2620006618/57,wb_ellie_1,,Forbidden: bot was blocked by the user,,
7639545719,14391f7f-3bce-4967-b6e9-e34647b823fd,https://t.me/c/2620006618/57,wb_ellie_1,2025-07-08T19:26:29.711781+00:00,ok,2025-07-08T19:26:31.386470+00:00,ok
6081585833,99ae69f5-ceae-441d-ba8d-fc0516221f2d,https://t.me/c/2620006618/57,wb_ellie_1,,Forbidden: bot was blocked by the user,,
7599079664,b6ba8f48-44f7-47b2-bac6-af4940f1efb2,https://t.me/c/2620006618/57,wb_ellie_1,2025-07-08T19:26:33.529019+00:00,ok,2025-07-08T19:26:35.139240+00:00,ok
7799632981,2404af49-4004-4dfb-849e-fd9e090ac462,https://t.me/c/2620006618/57,wb_ellie_1,2025-07-08T19:26:36.261222+00:00,ok,2025-07-08T19:26:37.911021+00:00,ok
7953454450,1935e8e9-f769-456e-8c68-cb3663d2db92,https://t.me/c/2620006618/57,wb_ellie_1,2025-07-08T19:26:39.052702+00:00,ok,2025-07-08T19:26:40.773254+00:00,ok
7201134328,34f6ff5f-e0f6-456e-a5bb-9ec46d76c186,https://t.me/c/2620006618/57,wb_ellie_1,,Forbidden: bot was blocked by the user,,
7818059388,9dd3d6da-a5f1-4b3c-95dc-5e248ce606b6,https://t.me/c/2620006618/57,wb_ellie_1,2025-07-08T19:26:42.894273+00:00,ok,2025-07-08T19:26:44.501535+00:00,ok
5192996494,c29f97f5-f0f8-4d78-bd4a-c95b6e479b77,https://t.me/c/2620006618/57,wb_ellie_1,,Forbidden: bot was blocked by the user,,
7142472803,bf8624c6-9de9-4e6d-b772-147ede928df4,https://t.me/c/2620006618/57,wb_ellie_1,2025-07-08T19:26:46.889140+00:00,ok,2025-07-08T19:26:48.599611+00:00,ok
2133599412,5e3000e3-1865-4f1d-bd21-468558dfef3d,https://t.me/c/2620006618/57,wb_ellie_1,,Forbidden: bot was blocked by the user,,
6332499978,ff6ff5be-4349-4547-b500-034073437aa8,https://t.me/c/2620006618/57,wb_ellie_1,2025-07-08T19:26:50.852658+00:00,ok,2025-07-08T19:26:52.435597+00:00,ok
7026495088,a2d2c02c-c355-4180-a5af-d25111989701,https://t.me/c/2620006618/57,wb_ellie_1,,Forbidden: bot was blocked by the user,,
7017956414,3d812f27-dd5c-4e8e-bada-63fad0d77635,https://t.me/c/2620006618/57,wb_ellie_1,2025-07-08T19:26:54.614871+00:00,ok,2025-07-08T19:26:57.613837+00:00,ok
6823103656,f8e109d6-5d9e-4291-bb56-604e7365a071,https://t.me/c/2620006618/57,wb_ellie_1,,Forbidden: bot was blocked by the user,,
7965234086,5855bbbf-8e89-4a9f-b3dd-2c0195ee6a4e,https://t.me/c/2620006618/57,wb_ellie_1,2025-07-08T19:26:59.725776+00:00,ok,2025-07-08T19:27:01.450142+00:00,ok
7671111449,8be96c11-dba0-4df3-bc7e-75a46a829fbd,https://t.me/c/2620006618/57,wb_ellie_1,2025-07-08T19:27:02.602522+00:00,ok,2025-07-08T19:27:04.243872+00:00,ok
6731925821,fc51ee70-c2f4-40ee-9213-de662d8962df,https://t.me/c/2620006618/57,wb_ellie_1,,Forbidden: bot was blocked by the user,,
6373792969,15de9bb6-259d-4f21-bda5-4a0a52146848,https://t.me/c/2620006618/57,wb_ellie_1,,Forbidden: bot was blocked by the user,,
5888157381,e5fb1bc4-3906-491f-9e32-590b05200287,https://t.me/c/2620006618/57,wb_ellie_1,,Forbidden: bot was blocked by the user,,
5698827176,9a33d213-4798-4786-a7df-96399bfd8370,https://t.me/c/2620006618/57,wb_ellie_1,,Forbidden: bot was blocked by the user,,
1670073921,3562d2f2-84e9-411f-bf9f-e89017395ab7,https://t.me/c/2620006618/57,wb_ellie_1,2025-07-08T19:27:09.524993+00:00,ok,2025-07-08T19:27:11.172904+00:00,ok
571801324,20d3b8b1-04fb-482c-8b59-6766d8188630,https://t.me/c/2620006618/57,wb_ellie_1,2025-07-08T19:27:12.229784+00:00,ok,2025-07-08T19:27:13.936156+00:00,ok
5450840029,2d2c8c52-917c-45fa-b822-5646586cdf85,https://t.me/c/2620006618/57,wb_ellie_1,2025-07-08T19:27:15.098402+00:00,ok,2025-07-08T19:27:16.634473+00:00,ok
2084499662,d865902c-d9b0-470a-9507-e61bbde2a882,https://t.me/c/2620006618/57,wb_ellie_1,,Forbidden: bot was blocked by the user,,
6416104204,a1bdefe3-6ecf-4c28-84e4-1aeff34411d1,https://t.me/c/2620006618/57,wb_ellie_1,2025-07-08T19:27:19.174172+00:00,ok,2025-07-08T19:27:20.855872+00:00,ok
5119063217,03d2bbf0-9879-4e5e-9b93-0568f2da350f,https://t.me/c/2620006618/57,wb_ellie_1,,Forbidden: bot was blocked by the user,,
6406708558,de7e2d43-df33-476a-884f-64251ebb465c,https://t.me/c/2620006618/57,wb_ellie_1,,Forbidden: bot was blocked by the user,,
5537350690,6a81776c-f2c6-4720-a7be-fd4b0880be28,https://t.me/c/2620006618/57,wb_ellie_1,,Forbidden: bot was blocked by the user,,
6688697932,bd3a42e3-64cd-49f4-adc2-d298b393f361,https://t.me/c/2620006618/57,wb_ellie_1,2025-07-08T19:27:25.119499+00:00,ok,2025-07-08T19:27:26.781398+00:00,ok
1047609090,8b3b2ac9-d716-4e8e-98c6-82184a9cb98e,https://t.me/c/2620006618/57,wb_ellie_1,,Forbidden: bot was blocked by the user,,
5377374524,823b4c14-35f9-4cec-9f9f-1597e954c01e,https://t.me/c/2620006618/57,wb_ellie_1,2025-07-08T19:27:29.312387+00:00,ok,2025-07-08T19:27:31.045685+00:00,ok
7991872267,c4bb8311-c6cf-47d7-9b03-291358339529,https://t.me/c/2620006618/57,wb_ellie_1,,Forbidden: bot was blocked by the user,,
7513085982,11953763-27c1-4c7b-a4b4-f28772a92a09,https://t.me/c/2620006618/57,wb_ellie_1,,Forbidden: bot was blocked by the user,,
6185441400,afe291ee-86b1-45bf-9c1a-85ab00b8f589,https://t.me/c/2620006618/57,wb_ellie_1,,Forbidden: bot was blocked by the user,,
8100908370,d6c62e2f-2a9a-48ca-a30d-137ff3c36825,https://t.me/c/2620006618/57,wb_ellie_1,2025-07-08T19:27:35.450304+00:00,ok,2025-07-08T19:27:37.081224+00:00,ok
5850195943,d547d3c0-bcf9-4351-8fa8-0ab92fa2fc3b,https://t.me/c/2620006618/57,wb_ellie_1,2025-07-08T19:27:38.297431+00:00,ok,2025-07-08T19:27:39.988174+00:00,ok
5440417104,672bac24-4906-4aea-8af0-c41a521a46e3,https://t.me/c/2620006618/57,wb_ellie_1,,Forbidden: bot was blocked by the user,,
7281380610,0bbbae2b-8ffd-47ca-a80a-8acb5a76e685,https://t.me/c/2620006618/57,wb_ellie_1,,Forbidden: bot was blocked by the user,,
1215442652,9e13392d-8189-4041-b39a-01bdad2935a7,https://t.me/c/2620006618/57,wb_ellie_1,,Forbidden: user is deactivated,,
6542234717,d9430559-0ccd-4b3b-8bb5-bad65821b71c,https://t.me/c/2620006618/57,wb_ellie_1,,Forbidden: bot was blocked by the user,,
5030967177,e131f61c-a658-491c-86e2-00137f1aab82,https://t.me/c/2620006618/57,wb_ellie_1,2025-07-08T19:27:45.317815+00:00,ok,2025-07-08T19:27:47.035878+00:00,ok
7779419722,beee2552-580b-4526-aa1d-ac2030ac05a6,https://t.me/c/2620006618/57,wb_ellie_1,,Forbidden: user is deactivated,,
979763192,01e7f0f2-a588-4c0d-abf7-6ee9ce6aa546,https://t.me/c/2620006618/57,wb_ellie_1,2025-07-08T19:27:49.178814+00:00,ok,2025-07-08T19:27:50.919276+00:00,ok
7860043862,2d40fa57-a0db-423f-a67e-ba1b4544b06a,https://t.me/c/2620006618/57,wb_ellie_1,,Forbidden: bot was blocked by the user,,
7436418481,7ea86558-b2c4-43c5-9a6d-3e1fe84d3a5f,https://t.me/c/2620006618/57,wb_ellie_1,,Forbidden: bot was blocked by the user,,
7403614835,f95793dc-96e1-4fa8-b652-318b23e372a5,https://t.me/c/2620006618/57,wb_ellie_1,2025-07-08T19:27:54.503115+00:00,ok,2025-07-08T19:27:56.095700+00:00,ok
5975063359,70a817d6-2107-4022-aa23-7a71ffe2d7f5,https://t.me/c/2620006618/57,wb_ellie_1,,Forbidden: bot was blocked by the user,,
5755893103,a22dc2e1-a1fd-4bb2-a1a2-5e0b3d6aa651,https://t.me/c/2620006618/57,wb_ellie_1,2025-07-08T19:27:58.251725+00:00,ok,2025-07-08T19:28:00.032756+00:00,ok
5156647618,2c19a1bd-2eea-415d-8f19-61859b50cd58,https://t.me/c/2620006618/57,wb_ellie_1,2025-07-08T19:28:01.101878+00:00,ok,2025-07-08T19:28:02.804281+00:00,ok
7776232383,3c8ca85e-f1ce-44e8-98c9-a62494daf00d,https://t.me/c/2620006618/57,wb_ellie_1,2025-07-08T19:28:04.075484+00:00,ok,2025-07-08T19:28:05.706419+00:00,ok
7181629448,e5bc8150-b804-452e-98d5-38063d94da8b,https://t.me/c/2620006618/57,wb_ellie_1,,Forbidden: bot was blocked by the user,,
7223342214,0f31fa9a-5dd5-49a6-9535-ba3fd91b2ad3,https://t.me/c/2620006618/57,wb_ellie_1,,Forbidden: bot was blocked by the user,,
5487729303,e6ac841b-672f-4223-9187-16398d6ed9d2,https://t.me/c/2620006618/57,wb_ellie_1,2025-07-08T19:28:08.880048+00:00,ok,2025-07-08T19:28:10.505330+00:00,ok
7153370819,850e4814-15b5-46ac-b593-d6d308402bb3,https://t.me/c/2620006618/57,wb_ellie_1,,Forbidden: bot was blocked by the user,,
7879842629,6d285e23-0e33-467c-b1c2-f9f801590833,https://t.me/c/2620006618/57,wb_ellie_1,2025-07-08T19:28:12.878535+00:00,ok,2025-07-08T19:28:14.505441+00:00,ok
5820722499,dfff9359-e447-434b-bc73-90b7eb846f62,https://t.me/c/2620006618/57,wb_ellie_1,,Forbidden: bot was blocked by the user,,
990983038,b5d90ad9-7111-4a69-931a-60dd6bb86923,https://t.me/c/2620006618/57,wb_ellie_1,,Forbidden: bot was blocked by the user,,
5921978572,c96c4217-a089-4992-bf32-3fb690ddc4af,https://t.me/c/2620006618/57,wb_ellie_1,,Forbidden: bot was blocked by the user,,
545904331,bf0db36a-d538-4016-b6ef-5455badcc1c5,https://t.me/c/2620006618/57,wb_ellie_1,2025-07-08T19:28:18.814959+00:00,ok,2025-07-08T19:28:20.656124+00:00,ok
6448438267,bf5c0058-4406-4f40-b1e2-ea41163f21d1,https://t.me/c/2620006618/57,wb_ellie_1,,Forbidden: bot was blocked by the user,,
5821677121,ead487fa-c412-4535-a0f4-e839c689d31b,https://t.me/c/2620006618/57,wb_ellie_1,2025-07-08T19:28:23.023018+00:00,ok,2025-07-08T19:28:24.802094+00:00,ok
1089019001,17c6adeb-6ced-4768-a4a6-744c3e78ea7e,https://t.me/c/2620006618/57,wb_ellie_1,,Bad Request: chat not found,,
6009804072,cc3ab23f-9c4f-459e-a630-de8e5865dad0,https://t.me/c/2620006618/57,wb_ellie_1,2025-07-08T19:28:27.018431+00:00,ok,2025-07-08T19:28:28.664474+00:00,ok
5793573904,95b6b12b-faa8-44ac-ad6b-a875bfc5e045,https://t.me/c/2620006618/57,wb_ellie_1,2025-07-08T19:28:29.816346+00:00,ok,2025-07-08T19:28:31.477519+00:00,ok
6585518225,812df142-744c-41c9-9621-d8e839b1e00a,https://t.me/c/2620006618/57,wb_ellie_1,2025-07-08T19:28:32.575624+00:00,ok,2025-07-08T19:28:34.178757+00:00,ok
6024152075,691913ed-0b4f-47e3-bfac-967ef5e6ad6f,https://t.me/c/2620006618/57,wb_ellie_1,2025-07-08T19:28:35.324509+00:00,ok,2025-07-08T19:28:37.006341+00:00,ok
8151803300,b5498ac6-6cb6-4dfd-bf92-a79ca4a5acb3,https://t.me/c/2620006618/57,wb_ellie_1,2025-07-08T19:28:38.146426+00:00,ok,2025-07-08T19:28:39.890364+00:00,ok
1304027891,b23b34bc-a6b1-4d39-901c-66c2343c11e7,https://t.me/c/2620006618/57,wb_ellie_1,,Forbidden: bot was blocked by the user,,
5875078713,7cb45ca6-ea2f-43ec-acc2-2011a61c161b,https://t.me/c/2620006618/57,wb_ellie_1,,Forbidden: bot was blocked by the user,,
8166797251,2d13606f-d1d3-4add-b990-a009f6504934,https://t.me/c/2620006618/57,wb_ellie_1,2025-07-08T19:28:43.288545+00:00,ok,2025-07-08T19:28:44.926986+00:00,ok
6942988969,6b94d03e-af3f-480e-bd3c-0c96b11e68ee,https://t.me/c/2620006618/57,wb_ellie_1,2025-07-08T19:28:45.999524+00:00,ok,2025-07-08T19:28:47.689068+00:00,ok
7491881659,d32eeb59-6422-4513-b594-e88cf80c0b64,https://t.me/c/2620006618/57,wb_ellie_1,,Forbidden: bot was blocked by the user,,
6001158648,d142757c-f4d1-4c7c-a039-b749267ff9b3,https://t.me/c/2620006618/57,wb_ellie_1,2025-07-08T19:28:49.831011+00:00,ok,2025-07-08T19:28:51.447239+00:00,ok
6417981729,398b4cb5-baf5-4303-ba85-29fd9b253159,https://t.me/c/2620006618/57,wb_ellie_1,,Forbidden: bot was blocked by the user,,
5643265814,14c63d8a-465d-48f0-9af2-21f0c67357b0,https://t.me/c/2620006618/57,wb_ellie_1,,Forbidden: bot was blocked by the user,,
6357946454,174501c8-0738-4681-b546-e458764597c3,https://t.me/c/2620006618/57,wb_ellie_1,2025-07-08T19:28:54.748916+00:00,ok,2025-07-08T19:28:56.430680+00:00,ok
601954172,79d3a328-ebea-4db5-8db5-0b6b81f05b2c,https://t.me/c/2620006618/57,wb_ellie_1,2025-07-08T19:28:57.553148+00:00,ok,2025-07-08T19:28:59.245231+00:00,ok
7091655436,d29c342e-5142-4596-a7c5-7f0cded7e7c8,https://t.me/c/2620006618/57,wb_ellie_1,,Forbidden: bot was blocked by the user,,
8102168859,8ea07b51-1eee-43ca-be27-0a5d1b64cd2e,https://t.me/c/2620006618/57,wb_ellie_1,,Forbidden: bot was blocked by the user,,
7080779355,c12699ed-2b46-443f-91f3-980dc50b6fba,https://t.me/c/2620006618/57,wb_ellie_1,,Forbidden: bot was blocked by the user,,
1903811081,0cbe7239-045d-45ae-9e74-4c4d2fbfa2c6,https://t.me/c/2620006618/57,wb_ellie_1,2025-07-08T19:29:03.516827+00:00,ok,2025-07-08T19:29:05.190217+00:00,ok
7843432783,94a6b9b2-82f9-435a-93b9-3592c2617363,https://t.me/c/2620006618/57,wb_ellie_1,2025-07-08T19:29:06.306558+00:00,ok,2025-07-08T19:29:08.140052+00:00,ok
745670081,80694a85-6c2a-4996-8fe9-d9967be5742d,https://t.me/c/2620006618/57,wb_ellie_1,2025-07-08T19:29:09.447420+00:00,ok,2025-07-08T19:29:11.155054+00:00,ok
5803546372,903701c0-6228-49a8-94f5-620ace83e9bd,https://t.me/c/2620006618/57,wb_ellie_1,,Forbidden: bot was blocked by the user,,
7452395357,dea6747e-2109-45e0-849e-fbc01d53ab06,https://t.me/c/2620006618/57,wb_ellie_1,,Forbidden: bot was blocked by the user,,
1341314194,f3afe8df-ae84-450b-8ac6-1cb806596b36,https://t.me/c/2620006618/57,wb_ellie_1,2025-07-08T19:29:14.375466+00:00,ok,2025-07-08T19:29:16.006829+00:00,ok
7620226671,57e39b6e-f98a-41ae-89ec-8b8ee157f3db,https://t.me/c/2620006618/57,wb_ellie_1,2025-07-08T19:29:17.108196+00:00,ok,2025-07-08T19:29:18.916028+00:00,ok
716795996,a0763e3b-534a-4c7d-932f-6e2807cd8f44,https://t.me/c/2620006618/57,wb_ellie_1,,Forbidden: bot was blocked by the user,,
6546419560,db14ddae-3b78-4c95-a07d-8363702dbeb1,https://t.me/c/2620006618/57,wb_ellie_1,2025-07-08T19:29:21.472146+00:00,ok,2025-07-08T19:29:23.166325+00:00,ok
581820284,25837505-8aed-47f0-9e7b-b9853d34cdcf,https://t.me/c/2620006618/57,wb_ellie_1,,Forbidden: bot was blocked by the user,,
7358490902,3e261556-beab-478e-91b2-808405e57ae5,https://t.me/c/2620006618/57,wb_ellie_1,,Bad Request: chat not found,,
7807457297,af7fa32b-4c66-4a1c-b6b5-22800f263562,https://t.me/c/2620006618/57,wb_ellie_1,,Forbidden: bot was blocked by the user,,
7147814864,0874a84c-254e-43bf-9701-48efdfd78c13,https://t.me/c/2620006618/57,wb_ellie_1,2025-07-08T19:29:27.446711+00:00,ok,2025-07-08T19:29:29.119039+00:00,ok
5113120970,833d9285-0fd5-44ba-872b-8b7fc6537839,https://t.me/c/2620006618/61,wb_morti_1,,Forbidden: bot was blocked by the user,,
7818804766,9746850c-6c25-44d7-b0b7-2adc590ba4c1,https://t.me/c/2620006618/61,wb_morti_1,2025-07-08T19:29:31.260833+00:00,ok,2025-07-08T19:29:33.005035+00:00,ok
5359805774,1a088a38-042b-46df-8dab-ce57fd3f2eef,https://t.me/c/2620006618/61,wb_morti_1,,Bad Request: chat not found,,
7172516933,d3eda998-c757-4da4-a0ec-f1571dcbb200,https://t.me/c/2620006618/61,wb_morti_1,,Bad Request: chat not found,,
5430593649,eb97144d-3eac-4001-a5d3-d4c5be9d3c03,https://t.me/c/2620006618/61,wb_morti_1,,Forbidden: bot was blocked by the user,,
7393639167,324e9610-2e3d-4466-a0dc-6c197fb97149,https://t.me/c/2620006618/61,wb_morti_1,,Bad Request: chat not found,,
7901434321,dacbd62a-5acc-404e-9d0c-af0838f5c456,https://t.me/c/2620006618/61,wb_morti_1,2025-07-08T19:29:38.319662+00:00,ok,2025-07-08T19:29:39.913471+00:00,ok
8010397482,6d70252a-68ea-4094-abb7-50579b05c4ae,https://t.me/c/2620006618/61,wb_morti_1,2025-07-08T19:29:40.986997+00:00,ok,2025-07-08T19:29:42.684965+00:00,ok
5225939819,9e6c3667-1f9e-4eff-8778-eaf03b9c799a,https://t.me/c/2620006618/61,wb_morti_1,,Forbidden: bot was blocked by the user,,
741253053,be944f0b-6313-420c-ac50-6f25957c7155,https://t.me/c/2620006618/61,wb_morti_1,,Forbidden: bot was blocked by the user,,
6990811788,650ff184-f5cc-4f6a-8f4e-20497d8914f0,https://t.me/c/2620006618/61,wb_morti_1,,Bad Request: chat not found,,
5335274167,8b871a66-58ec-45ca-ab57-809184ef80bb,https://t.me/c/2620006618/61,wb_morti_1,,Forbidden: bot was blocked by the user,,
2055877256,a7690120-c422-4871-ac4f-59a6a023daa2,https://t.me/c/2620006618/61,wb_morti_1,,Forbidden: bot was blocked by the user,,
6897412813,ea9a7e80-4833-435e-8b7a-2407a305c618,https://t.me/c/2620006618/61,wb_morti_1,2025-07-08T19:29:49.357422+00:00,ok,2025-07-08T19:29:50.993042+00:00,ok
5990347947,98b2933c-77b4-48b4-ac6e-084c67ba73f2,https://t.me/c/2620006618/61,wb_morti_1,,Bad Request: chat not found,,
6253431953,c02a9c70-fb49-4838-9134-29b74df9c0c7,https://t.me/c/2620006618/61,wb_morti_1,,Bad Request: chat not found,,
6394008179,3dc4fb9e-8b9d-44ef-b856-a4b415438093,https://t.me/c/2620006618/61,wb_morti_1,2025-07-08T19:29:54.296293+00:00,ok,2025-07-08T19:29:55.971390+00:00,ok
7249159386,79ae6891-0a2b-4805-94b8-b42b79e5d5b0,https://t.me/c/2620006618/61,wb_morti_1,2025-07-08T19:29:57.044074+00:00,ok,2025-07-08T19:29:58.656292+00:00,ok
7914150220,0c5e7cb9-90e5-4121-96e2-c4099493f7be,https://t.me/c/2620006618/61,wb_morti_1,,Forbidden: bot was blocked by the user,,
6431088996,30f8bcff-14ee-4f22-8c5c-743fb845134f,https://t.me/c/2620006618/61,wb_morti_1,2025-07-08T19:30:00.805015+00:00,ok,2025-07-08T19:30:02.508038+00:00,ok
6599229392,208c3060-22ab-4b44-8a1a-5b5ba857fdbb,https://t.me/c/2620006618/61,wb_morti_1,2025-07-08T19:30:03.651272+00:00,ok,2025-07-08T19:30:05.392898+00:00,ok
6955156700,02b70fda-adae-4a01-acd3-5392f57e67c8,https://t.me/c/2620006618/61,wb_morti_1,2025-07-08T19:30:06.620292+00:00,ok,2025-07-08T19:30:08.316521+00:00,ok
6286804620,5a271d5e-fee4-4d9b-a1bf-5103c9f1ad43,https://t.me/c/2620006618/61,wb_morti_1,2025-07-08T19:30:09.390930+00:00,ok,2025-07-08T19:30:11.058816+00:00,ok
8197416761,89bab5c6-0b7f-4259-813a-7202bbe512e9,https://t.me/c/2620006618/61,wb_morti_1,2025-07-08T19:30:12.141604+00:00,ok,2025-07-08T19:30:13.773603+00:00,ok
422963388,1800c71f-3387-4483-80f7-f5dab9d105a6,https://t.me/c/2620006618/61,wb_morti_1,2025-07-08T19:30:14.855561+00:00,ok,2025-07-08T19:30:16.509080+00:00,ok
7552532240,d6aa6994-42ec-41d8-b431-abe31990d98f,https://t.me/c/2620006618/61,wb_morti_1,,Bad Request: chat not found,,
5229230823,8f69bed7-36a5-4b9e-842f-a729965bf0d8,https://t.me/c/2620006618/62,wb_hollycousine_1,,Forbidden: bot was blocked by the user,,
369580664,6f669794-87e0-43aa-a3e6-880a748ec063,https://t.me/c/2620006618/62,wb_hollycousine_1,,Forbidden: bot was blocked by the user,,
5956852329,169bcbf8-987a-4a94-b165-21ad70c1fc19,https://t.me/c/2620006618/62,wb_hollycousine_1,,Forbidden: bot was blocked by the user,,
1091232663,5e7e22a1-ff94-44e8-b69f-10c9a621035e,https://t.me/c/2620006618/62,wb_hollycousine_1,,Bad Request: chat not found,,
1064195107,5656c8d4-107b-4aac-a9d1-8e8e78b47548,https://t.me/c/2620006618/62,wb_hollycousine_1,2025-07-08T19:30:22.886082+00:00,ok,2025-07-08T19:30:24.560038+00:00,ok
7499658889,2639f788-c34e-4506-b693-652f24604f32,https://t.me/c/2620006618/62,wb_hollycousine_1,,Forbidden: bot was blocked by the user,,
1408047509,21a9ed9e-798b-4b08-b9af-6e4fc1110c66,https://t.me/c/2620006618/62,wb_hollycousine_1,2025-07-08T19:30:26.703496+00:00,ok,2025-07-08T19:30:28.413107+00:00,ok
8007636292,004dfa85-4fbb-4026-8299-c0144453cc0a,https://t.me/c/2620006618/62,wb_hollycousine_1,2025-07-08T19:30:29.620937+00:00,ok,2025-07-08T19:30:31.477953+00:00,ok
1225814687,3f17a839-e927-4bca-9d27-9d3765c505a4,https://t.me/c/2620006618/62,wb_hollycousine_1,,Forbidden: bot was blocked by the user,,
8180932073,d35d0f94-141d-4351-82ee-1eb9ecca59f8,https://t.me/c/2620006618/62,wb_hollycousine_1,2025-07-08T19:30:33.603702+00:00,ok,2025-07-08T19:30:35.250178+00:00,ok
7919423200,c41be61f-e541-4c4a-92ba-45f1faaf6541,https://t.me/c/2620006618/62,wb_hollycousine_1,,Forbidden: bot was blocked by the user,,
7747235262,05732427-50bc-42fa-9c9b-cdc9ce85f5c6,https://t.me/c/2620006618/62,wb_hollycousine_1,2025-07-08T19:30:37.381192+00:00,ok,2025-07-08T19:30:39.136661+00:00,ok
6970864682,011d8c3d-b4bd-4aff-8945-4e8d56513692,https://t.me/c/2620006618/62,wb_hollycousine_1,,Forbidden: bot was blocked by the user,,
6704968318,d2f3049f-ea4d-48a0-93bb-8cabb2ab1a18,https://t.me/c/2620006618/62,wb_hollycousine_1,,Forbidden: bot was blocked by the user,,
1447028952,7e4fefb0-7bd1-47d1-84e7-c52975018c42,https://t.me/c/2620006618/62,wb_hollycousine_1,,Forbidden: bot was blocked by the user,,
1880484057,b1839a5a-e960-4b42-b1fe-4180dbb2bce6,https://t.me/c/2620006618/62,wb_hollycousine_1,2025-07-08T19:30:43.543180+00:00,ok,2025-07-08T19:30:45.227583+00:00,ok
276914395,7510b34f-9295-4bdf-b923-fa752bc850fa,https://t.me/c/2620006618/62,wb_hollycousine_1,2025-07-08T19:30:46.326690+00:00,ok,2025-07-08T19:30:47.947215+00:00,ok
8090816855,e66e0a8d-ebf8-4dad-9a41-9599b1e62d63,https://t.me/c/2620006618/62,wb_hollycousine_1,,Forbidden: bot was blocked by the user,,
6504427592,8cdeef38-dc76-4fd7-8be8-d1b11e6a16a1,https://t.me/c/2620006618/62,wb_hollycousine_1,2025-07-08T19:30:50.259378+00:00,ok,2025-07-08T19:30:52.077791+00:00,ok
6525146885,8da5b611-3ea8-422d-b7f1-3cd2f975090a,https://t.me/c/2620006618/62,wb_hollycousine_1,,Forbidden: bot was blocked by the user,,
5127845859,c2b900ad-424a-424d-9143-6f48ae5ffb03,https://t.me/c/2620006618/62,wb_hollycousine_1,,Forbidden: bot was blocked by the user,,
6815318720,80701175-7f81-420f-8126-fb45c8a13303,https://t.me/c/2620006618/62,wb_hollycousine_1,,Forbidden: bot was blocked by the user,,
6267659720,ec73e307-96da-4992-b2a0-041e6c18aac9,https://t.me/c/2620006618/62,wb_hollycousine_1,,Forbidden: bot was blocked by the user,,
1850335147,aee4b06f-7930-4022-8c01-66f0fc7ad054,https://t.me/c/2620006618/62,wb_hollycousine_1,,Forbidden: bot was blocked by the user,,
7971714935,d387f065-f1de-47e0-8019-20c288108e81,https://t.me/c/2620006618/62,wb_hollycousine_1,2025-07-08T19:30:58.377958+00:00,ok,2025-07-08T19:31:00.039710+00:00,ok
7728094713,994165b4-9d11-4187-b37b-77d8739f578b,https://t.me/c/2620006618/62,wb_hollycousine_1,,Forbidden: bot was blocked by the user,,
8049113179,79b710ee-fefb-4e66-9ba6-4907b798f3ca,https://t.me/c/2620006618/62,wb_hollycousine_1,2025-07-08T19:31:02.168519+00:00,ok,2025-07-08T19:31:03.973893+00:00,ok
6228678284,7929f85f-0be1-432b-8b0d-9e03a8b219be,https://t.me/c/2620006618/62,wb_hollycousine_1,,Forbidden: bot was blocked by the user,,
6686983394,6c534fa1-b0d0-42ca-869d-cedeee33a580,https://t.me/c/2620006618/62,wb_hollycousine_1,2025-07-08T19:31:06.118372+00:00,ok,2025-07-08T19:31:07.805625+00:00,ok
5539956064,33a1a1fd-4e48-4288-8444-fb86f2a48590,https://t.me/c/2620006618/62,wb_hollycousine_1,,Forbidden: bot was blocked by the user,,
6030513656,7552d38c-472a-49a5-a5a4-3e8c2b60da8a,https://t.me/c/2620006618/62,wb_hollycousine_1,2025-07-08T19:31:09.953024+00:00,ok,2025-07-08T19:31:11.675864+00:00,ok
6673218281,e9ba4c7f-4f7f-488c-a95b-b34ca28fe863,https://t.me/c/2620006618/62,wb_hollycousine_1,2025-07-08T19:31:12.749624+00:00,ok,2025-07-08T19:31:14.459301+00:00,ok
7538548932,49f0eaea-0338-4177-9f27-cf55101593b2,https://t.me/c/2620006618/62,wb_hollycousine_1,2025-07-08T19:31:15.530202+00:00,ok,2025-07-08T19:31:17.183069+00:00,ok
7570416245,a9a46794-1bd4-4fd5-a18f-47a93d704d81,https://t.me/c/2620006618/62,wb_hollycousine_1,,Forbidden: user is deactivated,,
6950503283,831a2351-f912-434d-b310-ed4cc2f9d7bc,https://t.me/c/2620006618/62,wb_hollycousine_1,2025-07-08T19:31:19.368297+00:00,ok,2025-07-08T19:31:21.093780+00:00,ok
8042599860,a2109f7f-929b-4fa9-afa5-40d403313bd9,https://t.me/c/2620006618/62,wb_hollycousine_1,2025-07-08T19:31:22.177275+00:00,ok,2025-07-08T19:31:23.849312+00:00,ok
7115275086,a8425861-963a-4d68-9434-745236a555ee,https://t.me/c/2620006618/62,wb_hollycousine_1,2025-07-08T19:31:24.994839+00:00,ok,2025-07-08T19:31:26.680804+00:00,ok
5613760450,45c365c2-0c3a-4a67-9645-13b1be24d85d,https://t.me/c/2620006618/62,wb_hollycousine_1,2025-07-08T19:31:27.849767+00:00,ok,2025-07-08T19:31:29.489813+00:00,ok
375261725,aef77660-6e33-4c99-aa78-400bca7ddc33,https://t.me/c/2620006618/62,wb_hollycousine_1,2025-07-08T19:31:30.568967+00:00,ok,2025-07-08T19:31:32.247771+00:00,ok
7920551891,e53eda34-3670-4cf7-a05f-3278c40c4266,https://t.me/c/2620006618/62,wb_hollycousine_1,,Forbidden: bot was blocked by the user,,
8030633731,dc181d36-9fbb-4bed-8213-abecdb4c9dfe,https://t.me/c/2620006618/62,wb_hollycousine_1,,Forbidden: bot was blocked by the user,,
5082384470,fbd2e248-80a4-4ed2-8d17-2faa7df385f8,https://t.me/c/2620006618/62,wb_hollycousine_1,2025-07-08T19:31:35.530314+00:00,ok,2025-07-08T19:31:37.118031+00:00,ok
1746430436,870bdc0c-af9c-4b9a-85e6-0439c25ee476,https://t.me/c/2620006618/62,wb_hollycousine_1,2025-07-08T19:31:38.200872+00:00,ok,2025-07-08T19:31:39.847585+00:00,ok
6722720401,7f1fa707-f516-47d1-a4e5-e2cac40424fe,https://t.me/c/2620006618/62,wb_hollycousine_1,,Forbidden: bot was blocked by the user,,
7731719319,04655da4-bcc6-41b7-944e-f8852771ce1e,https://t.me/c/2620006618/62,wb_hollycousine_1,2025-07-08T19:31:42.161560+00:00,ok,2025-07-08T19:31:43.869591+00:00,ok
6139504939,5af70e6d-f915-482c-a250-aad080d7deec,https://t.me/c/2620006618/62,wb_hollycousine_1,2025-07-08T19:31:44.947932+00:00,ok,2025-07-08T19:31:46.753734+00:00,ok
7921401456,0aa971c9-15ce-4d86-9041-27a14dd774ed,https://t.me/c/2620006618/62,wb_hollycousine_1,2025-07-08T19:31:47.859324+00:00,ok,2025-07-08T19:31:49.528245+00:00,ok
857795258,db009dda-79ea-451c-b722-ff2d36293b94,https://t.me/c/2620006618/62,wb_hollycousine_1,,Forbidden: bot was blocked by the user,,
7967715754,e6bab6c9-804f-4623-8765-dffdac008782,https://t.me/c/2620006618/62,wb_hollycousine_1,2025-07-08T19:31:51.795815+00:00,ok,2025-07-08T19:31:53.613341+00:00,ok
5368562024,9a7acb21-38df-4bdc-9df4-85560a4f03fe,https://t.me/c/2620006618/62,wb_hollycousine_1,2025-07-08T19:31:54.727903+00:00,ok,2025-07-08T19:31:56.368587+00:00,ok
177433250,ef3d8e1c-a1d2-464f-8445-d16a3a5a5503,https://t.me/c/2620006618/62,wb_hollycousine_1,2025-07-08T19:31:57.484785+00:00,ok,2025-07-08T19:31:59.140508+00:00,ok
7954174503,40ae5c3c-eeb0-4a2b-8b5e-25dad9bef0ba,https://t.me/c/2620006618/62,wb_hollycousine_1,2025-07-08T19:32:00.282482+00:00,ok,2025-07-08T19:32:01.995165+00:00,ok
1648795180,04c524a9-f1a0-4f51-ae4c-70c7e82d0fed,https://t.me/c/2620006618/62,wb_hollycousine_1,,Forbidden: bot was blocked by the user,,
6385938860,72b2fe4a-ef64-431e-bc7c-537e5993a4d0,https://t.me/c/2620006618/62,wb_hollycousine_1,,Forbidden: bot was blocked by the user,,
390904910,de49afbd-2094-4e1a-bb06-c379c6c2914d,https://t.me/c/2620006618/62,wb_hollycousine_1,,Forbidden: bot was blocked by the user,,
7898504319,bfdd1c08-ad4c-47f7-adde-c051d6245419,https://t.me/c/2620006618/62,wb_hollycousine_1,,Forbidden: bot was blocked by the user,,
6439574680,f9bbb809-fbc9-4cd3-9469-c3e1cc64f04d,https://t.me/c/2620006618/62,wb_hollycousine_1,,Forbidden: bot was blocked by the user,,
1071475768,f504a111-71b3-4ad6-accd-154425d25242,https://t.me/c/2620006618/62,wb_hollycousine_1,,Forbidden: bot was blocked by the user,,
6739322245,601f37b4-93b0-4e64-91e6-99d04d8eace2,https://t.me/c/2620006618/62,wb_hollycousine_1,2025-07-08T19:32:09.606689+00:00,ok,2025-07-08T19:32:11.268593+00:00,ok
829717109,eafbf295-a92c-4367-a4a3-6c51fbc91725,https://t.me/c/2620006618/62,wb_hollycousine_1,,Forbidden: bot was blocked by the user,,
326053936,009a1712-af0b-46d0-a043-3e0215797fec,https://t.me/c/2620006618/62,wb_hollycousine_1,2025-07-08T19:32:13.427894+00:00,ok,2025-07-08T19:32:15.211347+00:00,ok
6181587587,8417f75f-b36c-4f84-b24c-2a8e71d1da23,https://t.me/c/2620006618/62,wb_hollycousine_1,2025-07-08T19:32:16.413798+00:00,ok,2025-07-08T19:32:18.209628+00:00,ok
7547398870,9962d069-1f99-4fdb-9e0e-cdbd6de19793,https://t.me/c/2620006618/62,wb_hollycousine_1,2025-07-08T19:32:19.292986+00:00,ok,2025-07-08T19:32:20.936479+00:00,ok
2092944904,39de703b-85da-4bac-b8bb-412d68720806,https://t.me/c/2620006618/62,wb_hollycousine_1,,Forbidden: bot was blocked by the user,,
1462255990,8f5d5b79-dedb-494f-881d-fff83c6d9c46,https://t.me/c/2620006618/62,wb_hollycousine_1,2025-07-08T19:32:23.347192+00:00,ok,2025-07-08T19:32:24.997731+00:00,ok
295253933,76723dc4-3479-4e2f-bbdc-b0bf800a3c3d,https://t.me/c/2620006618/62,wb_hollycousine_1,,Forbidden: bot was blocked by the user,,
1957548572,ad7293e8-f11f-41d7-b8d4-f5f688902ea0,https://t.me/c/2620006618/62,wb_hollycousine_1,2025-07-08T19:32:27.121443+00:00,ok,2025-07-08T19:32:28.744083+00:00,ok
1196997446,0243f8d1-b16e-4ee3-8866-bf13380bc439,https://t.me/c/2620006618/62,wb_hollycousine_1,,Forbidden: bot was blocked by the user,,
5844764687,bd8637db-e7e5-42d5-bb14-daf2a67c8b62,https://t.me/c/2620006618/62,wb_hollycousine_1,,Forbidden: bot was blocked by the user,,
7612622336,d6784933-84c9-4c4e-a5b8-20edd881e2f9,https://t.me/c/2620006618/62,wb_hollycousine_1,,Forbidden: bot was blocked by the user,,
6596160809,a7594b93-fef2-4ca0-bfa6-8ee3a180409c,https://t.me/c/2620006618/62,wb_hollycousine_1,,Forbidden: bot was blocked by the user,,
2012402557,841cb79a-87b5-4bd0-85be-6008c6f29ed8,https://t.me/c/2620006618/62,wb_hollycousine_1,,Forbidden: bot was blocked by the user,,
6050059706,8995049b-10d1-4f31-8850-76477870984b,https://t.me/c/2620006618/62,wb_hollycousine_1,,Forbidden: bot was blocked by the user,,
6865063386,ed32b054-e5aa-4eb0-a4d8-9ccc08457d0c,https://t.me/c/2620006618/62,wb_hollycousine_1,2025-07-08T19:32:36.638663+00:00,ok,2025-07-08T19:32:38.234146+00:00,ok
5616397524,33735163-21f7-422a-ae57-8e60e750b7a0,https://t.me/c/2620006618/62,wb_hollycousine_1,,Forbidden: bot was blocked by the user,,
5411891323,e4e3733e-1dda-47c2-b10f-0610e56401bb,https://t.me/c/2620006618/62,wb_hollycousine_1,2025-07-08T19:32:40.495227+00:00,ok,2025-07-08T19:32:42.157307+00:00,ok
7758480471,0d0aa1fa-702c-48de-aa74-74f0421106f7,https://t.me/c/2620006618/62,wb_hollycousine_1,,Forbidden: user is deactivated,,
6869891338,e1745ece-2c91-4c3a-9aed-2c96876bcf12,https://t.me/c/2620006618/62,wb_hollycousine_1,,Forbidden: bot was blocked by the user,,
1476921738,9e9caa57-867a-4ee5-80d1-1aff1ea9d383,https://t.me/c/2620006618/62,wb_hollycousine_1,,Forbidden: bot was blocked by the user,,
6809508712,48298f28-cbdc-45de-9731-b9df57af8d8e,https://t.me/c/2620006618/62,wb_hollycousine_1,,Forbidden: bot was blocked by the user,,
7213576888,11d69996-0a23-4928-bd04-d0809c52318d,https://t.me/c/2620006618/62,wb_hollycousine_1,,Forbidden: user is deactivated,,
7242942546,f09adf37-b432-4e3a-9903-54b828655b29,https://t.me/c/2620006618/62,wb_hollycousine_1,,Forbidden: bot was blocked by the user,,
6669602740,17657ed4-836a-43f7-8638-4f321d906aba,https://t.me/c/2620006618/62,wb_hollycousine_1,,Forbidden: bot was blocked by the user,,
7618912560,ec1afb41-6612-429c-9293-d83ad7b08963,https://t.me/c/2620006618/62,wb_hollycousine_1,2025-07-08T19:32:51.270927+00:00,ok,2025-07-08T19:32:52.918375+00:00,ok
5246697614,b3884e5b-38b5-4d67-9e42-ccf6804ff7dc,https://t.me/c/2620006618/62,wb_hollycousine_1,2025-07-08T19:32:54.081616+00:00,ok,2025-07-08T19:32:55.781596+00:00,ok
5677515824,bbccf8db-790f-440e-b242-e604296cbe21,https://t.me/c/2620006618/62,wb_hollycousine_1,,Forbidden: bot was blocked by the user,,
6838019387,904f39ae-92f1-41be-aeb4-135b4300c776,https://t.me/c/2620006618/62,wb_hollycousine_1,,Forbidden: bot was blocked by the user,,
7876375846,334a84fe-2864-4a83-888e-9c3d034176d0,https://t.me/c/2620006618/62,wb_hollycousine_1,2025-07-08T19:32:59.314152+00:00,ok,2025-07-08T19:33:00.982338+00:00,ok
1697954310,c7ed13f6-120c-45a0-b74c-212cd912602d,https://t.me/c/2620006618/62,wb_hollycousine_1,2025-07-08T19:33:02.058215+00:00,ok,2025-07-08T19:33:03.715707+00:00,ok
6290086135,f4c6bee6-ca52-44d4-9ac1-c64324231ae6,https://t.me/c/2620006618/62,wb_hollycousine_1,,Forbidden: bot was blocked by the user,,
7425852194,9d142508-6694-4651-ba10-11050eb8b8c3,https://t.me/c/2620006618/62,wb_hollycousine_1,2025-07-08T19:33:05.856530+00:00,ok,2025-07-08T19:33:07.519335+00:00,ok
6738918090,f18afeca-09c5-48c4-9ddf-6ccbb3d602ca,https://t.me/c/2620006618/62,wb_hollycousine_1,2025-07-08T19:33:08.766858+00:00,ok,2025-07-08T19:33:10.566587+00:00,ok
1588689586,9af8ae82-c076-401c-9d1f-7e59fc4684ca,https://t.me/c/2620006618/62,wb_hollycousine_1,,Forbidden: bot was blocked by the user,,
8075182684,aef6c575-113b-4be7-b88c-1a73c3174a6f,https://t.me/c/2620006618/62,wb_hollycousine_1,,Forbidden: bot was blocked by the user,,
7037954372,962deb49-b1b2-4746-86b3-e9e399e86e51,https://t.me/c/2620006618/62,wb_hollycousine_1,2025-07-08T19:33:13.970849+00:00,ok,2025-07-08T19:33:15.673012+00:00,ok
6605072211,1537fa1f-ea20-45a2-80f9-448f155f53a7,https://t.me/c/2620006618/62,wb_hollycousine_1,,Forbidden: bot was blocked by the user,,
7461191787,dcd7401f-015e-42d3-aaec-fb55063f3f80,https://t.me/c/2620006618/62,wb_hollycousine_1,2025-07-08T19:33:17.862577+00:00,ok,2025-07-08T19:33:19.591089+00:00,ok
7400701922,0671e08d-593d-4e5f-8e2b-53b3a739b100,https://t.me/c/2620006618/62,wb_hollycousine_1,2025-07-08T19:33:20.721647+00:00,ok,2025-07-08T19:33:22.426514+00:00,ok
6967926363,9f092807-9583-46f3-9f10-55aa901c1c8f,https://t.me/c/2620006618/62,wb_hollycousine_1,,Forbidden: bot was blocked by the user,,
5960191867,ae5cc0eb-38ca-4ec1-936b-14b3d7f92bdd,https://t.me/c/2620006618/62,wb_hollycousine_1,2025-07-08T19:33:24.624297+00:00,ok,2025-07-08T19:33:26.313863+00:00,ok
930051731,9c41eec7-4862-4117-a9c3-0e97e6baec7e,https://t.me/c/2620006618/62,wb_hollycousine_1,2025-07-08T19:33:27.380689+00:00,ok,2025-07-08T19:33:29.111973+00:00,ok
5752799444,a432375e-d296-48f5-80ce-63caa1e18844,https://t.me/c/2620006618/62,wb_hollycousine_1,,Forbidden: bot was blocked by the user,,
7827162287,6443738e-e615-45e7-8e2f-95c4e0d10811,https://t.me/c/2620006618/62,wb_hollycousine_1,,Forbidden: bot was blocked by the user,,
6997203353,eb853a1c-77b5-4ea3-9f03-d1383c58fb72,https://t.me/c/2620006618/62,wb_hollycousine_1,2025-07-08T19:33:32.605248+00:00,ok,2025-07-08T19:33:34.241651+00:00,ok
2077807077,1e27d51b-1188-4b9f-b0be-0d07dccbab2c,https://t.me/c/2620006618/62,wb_hollycousine_1,,Forbidden: bot was blocked by the user,,
5955827093,83e21717-f5ec-43aa-abee-25e515683e3a,https://t.me/c/2620006618/62,wb_hollycousine_1,,Forbidden: bot was blocked by the user,,
6415635701,d5e6a10d-b286-4404-b75f-0c2239c82cd8,https://t.me/c/2620006618/62,wb_hollycousine_1,2025-07-08T19:33:37.581615+00:00,ok,2025-07-08T19:33:39.238766+00:00,ok
8055702763,6f6da25d-ea92-4651-9918-fb9bb0655831,https://t.me/c/2620006618/62,wb_hollycousine_1,,Forbidden: bot was blocked by the user,,
949413517,044f8408-1bfb-4bec-bd84-98a2f225ffd3,https://t.me/c/2620006618/62,wb_hollycousine_1,2025-07-08T19:33:41.477878+00:00,ok,2025-07-08T19:33:43.453074+00:00,ok
1782998040,3c7bfe08-7615-48ce-adc1-754d1f81de64,https://t.me/c/2620006618/62,wb_hollycousine_1,2025-07-08T19:33:44.614702+00:00,ok,2025-07-08T19:33:46.764295+00:00,ok
6314285458,dfb66452-93d5-4d8b-9f72-880ffe27ddcd,https://t.me/c/2620006618/62,wb_hollycousine_1,,Forbidden: bot was blocked by the user,,
7848706856,49e2acf3-733c-41e0-957a-1f968508f73e,https://t.me/c/2620006618/62,wb_hollycousine_1,,Forbidden: bot was blocked by the user,,
2069976248,de9d3e75-4a4f-467c-b59f-53ea364a8109,https://t.me/c/2620006618/62,wb_hollycousine_1,,Forbidden: bot was blocked by the user,,
1741519531,d0c7cf02-ded2-475d-947a-b336f2c02d8c,https://t.me/c/2620006618/62,wb_hollycousine_1,,Forbidden: bot was blocked by the user,,
1309622640,a9ec44af-287a-41d1-b5f1-77eeafdced15,https://t.me/c/2620006618/62,wb_hollycousine_1,2025-07-08T19:33:52.332264+00:00,ok,2025-07-08T19:33:54.854489+00:00,ok
6718236283,2e701925-fc0e-406e-9c7c-5c9ed5ff2f7e,https://t.me/c/2620006618/62,wb_hollycousine_1,,Forbidden: bot was blocked by the user,,
6376897941,c0c72ed3-8f8e-450f-b0c9-dc43a9be94cc,https://t.me/c/2620006618/62,wb_hollycousine_1,2025-07-08T19:33:57.106577+00:00,ok,2025-07-08T19:33:59.274320+00:00,ok
5093072741,581b48b3-15db-4524-87aa-700d4f6bd38f,https://t.me/c/2620006618/62,wb_hollycousine_1,2025-07-08T19:34:00.346558+00:00,ok,2025-07-08T19:34:02.536590+00:00,ok
1850313320,b786a643-32ad-497a-971c-912ea13d90c5,https://t.me/c/2620006618/62,wb_hollycousine_1,,Forbidden: bot was blocked by the user,,
440015300,7b2d5171-f9c3-4bf1-8ffb-a36786168a6f,https://t.me/c/2620006618/62,wb_hollycousine_1,2025-07-08T19:34:04.850771+00:00,ok,2025-07-08T19:34:07.145413+00:00,ok
7717883121,affae3a6-6e39-4937-9381-00c3d2894796,https://t.me/c/2620006618/62,wb_hollycousine_1,,Forbidden: bot was blocked by the user,,
7002759997,413566d3-9940-48fe-a96f-7c4125dc7067,https://t.me/c/2620006618/62,wb_hollycousine_1,2025-07-08T19:34:09.453676+00:00,ok,2025-07-08T19:34:11.831387+00:00,ok
6153048534,8c43f6da-23e2-4fe0-9a1f-eb02b170ee7a,https://t.me/c/2620006618/62,wb_hollycousine_1,,Forbidden: bot was blocked by the user,,
6704259341,dcc1c5ee-b7bb-449b-8a12-74c9ff1dd98a,https://t.me/c/2620006618/62,wb_hollycousine_1,2025-07-08T19:34:14.310322+00:00,ok,2025-07-08T19:34:16.574938+00:00,ok
5889959058,c8bcde3d-12bd-4cf5-831c-c9937287e084,https://t.me/c/2620006618/62,wb_hollycousine_1,,Forbidden: bot was blocked by the user,,
715653368,dfa2b26e-ddf4-4474-ac20-6eb7bc09e88d,https://t.me/c/2620006618/62,wb_hollycousine_1,,Forbidden: bot was blocked by the user,,
7425131488,8cb16e6a-6d87-4bb6-ab39-a2170632d4d6,https://t.me/c/2620006618/62,wb_hollycousine_1,,Forbidden: bot was blocked by the user,,
655036013,530899d3-7e53-4a3d-935a-3aa895bc7a7f,https://t.me/c/2620006618/62,wb_hollycousine_1,,Forbidden: bot was blocked by the user,,
1634662775,ff09f33f-07eb-4303-84d9-743b27fd95df,https://t.me/c/2620006618/62,wb_hollycousine_1,,Forbidden: user is deactivated,,
7407225092,15102ed5-b69b-4f16-9af7-0d76c9e40d0d,https://t.me/c/2620006618/62,wb_hollycousine_1,,Forbidden: bot was blocked by the user,,
7813910430,83530992-ab45-49c7-8397-ae1a7c2dfcdc,https://t.me/c/2620006618/62,wb_hollycousine_1,2025-07-08T19:34:24.029196+00:00,ok,2025-07-08T19:34:26.198571+00:00,ok
7279612970,91850e29-3de4-4d63-97cd-5406a528c059,https://t.me/c/2620006618/62,wb_hollycousine_1,2025-07-08T19:34:27.303707+00:00,ok,2025-07-08T19:34:29.538450+00:00,ok
8105869988,e7f22f59-1626-4663-8954-92c85ec9fda7,https://t.me/c/2620006618/62,wb_hollycousine_1,2025-07-08T19:34:30.667259+00:00,ok,2025-07-08T19:34:33.038007+00:00,ok
872499487,9e88e3df-9da2-4009-97ed-eec79a15517b,https://t.me/c/2620006618/62,wb_hollycousine_1,,Forbidden: bot was blocked by the user,,
6254460517,8d76adfb-acae-41ef-b302-acba8619e4cc,https://t.me/c/2620006618/62,wb_hollycousine_1,2025-07-08T19:34:35.218045+00:00,ok,2025-07-08T19:34:37.394874+00:00,ok
954381262,f50c8f58-f603-459e-b906-e59fe05d3adf,https://t.me/c/2620006618/62,wb_hollycousine_1,2025-07-08T19:34:38.461641+00:00,ok,2025-07-08T19:34:40.690448+00:00,ok
8037216721,0395ad82-15a8-4d55-bec8-6e0c2bdc4a0e,https://t.me/c/2620006618/62,wb_hollycousine_1,,Forbidden: bot was blocked by the user,,
1616678975,267046fa-e6da-42d8-badd-d0eac908b4da,https://t.me/c/2620006618/62,wb_hollycousine_1,2025-07-08T19:34:42.985377+00:00,ok,2025-07-08T19:34:45.238144+00:00,ok
7528303115,564dcaed-ca4b-44e2-8ee2-263a7645674e,https://t.me/c/2620006618/63,wb_racheltrainer_1,2025-07-08T19:34:46.478819+00:00,ok,2025-07-08T19:34:48.826922+00:00,ok
8083079551,ed54e26f-20dc-4dde-a09e-b8d04250e950,https://t.me/c/2620006618/63,wb_racheltrainer_1,,Bad Request: chat not found,,
6693820675,46d9679c-6fbc-48e1-a295-eadbefd3a604,https://t.me/c/2620006618/63,wb_racheltrainer_1,,Forbidden: bot was blocked by the user,,
7848162185,b53c992d-92f0-4b5c-a02b-cfdeff357692,https://t.me/c/2620006618/63,wb_racheltrainer_1,2025-07-08T19:34:52.024178+00:00,ok,2025-07-08T19:34:54.245287+00:00,ok
6980215859,f8f5a1fc-3dc7-461b-8d12-855166b301b2,https://t.me/c/2620006618/63,wb_racheltrainer_1,2025-07-08T19:34:55.313359+00:00,ok,2025-07-08T19:34:57.654284+00:00,ok
7743752623,c66cb42a-1203-483a-8153-ebdafa052a59,https://t.me/c/2620006618/63,wb_racheltrainer_1,2025-07-08T19:34:58.763112+00:00,ok,2025-07-08T19:35:01.169526+00:00,ok
6301052811,f233f162-49fc-4bd0-97e0-febb631c5330,https://t.me/c/2620006618/63,wb_racheltrainer_1,2025-07-08T19:35:02.425039+00:00,ok,2025-07-08T19:35:04.998239+00:00,ok
6679946670,b0fa5e6a-6dff-4b63-8312-57e0d1d763a7,https://t.me/c/2620006618/63,wb_racheltrainer_1,,Forbidden: bot was blocked by the user,,
1300996046,78eeaac3-8630-4583-8f74-7b834250d5f3,https://t.me/c/2620006618/63,wb_racheltrainer_1,2025-07-08T19:35:07.258484+00:00,ok,2025-07-08T19:35:08.987493+00:00,ok
1727584349,0dbccb21-30c6-413e-8f25-7731e85e061e,https://t.me/c/2620006618/63,wb_racheltrainer_1,2025-07-08T19:35:10.053618+00:00,ok,2025-07-08T19:35:11.745210+00:00,ok
5764897550,75781cfe-ac91-44e5-9057-bb483d784cd5,https://t.me/c/2620006618/63,wb_racheltrainer_1,,Forbidden: bot was blocked by the user,,
6136450866,b730786a-96b3-489c-96bd-32102138baa9,https://t.me/c/2620006618/63,wb_racheltrainer_1,,Forbidden: bot was blocked by the user,,
6704607523,031c4b34-97fc-4120-b3e3-f754e10481c8,https://t.me/c/2620006618/63,wb_racheltrainer_1,2025-07-08T19:35:15.016765+00:00,ok,2025-07-08T19:35:17.714513+00:00,ok
8115831783,9c318d76-3611-4e48-be61-33d7659ac6fd,https://t.me/c/2620006618/63,wb_racheltrainer_1,2025-07-08T19:35:18.781091+00:00,ok,2025-07-08T19:35:21.282968+00:00,ok
7879223043,f2aba28b-8d88-49e2-8e74-1893db07af7e,https://t.me/c/2620006618/63,wb_racheltrainer_1,,Forbidden: bot was blocked by the user,,
7850108280,5c93c0a2-bcfc-42a6-ad5a-d50cd52f6607,https://t.me/c/2620006618/63,wb_racheltrainer_1,2025-07-08T19:35:23.402956+00:00,ok,2025-07-08T19:35:25.959130+00:00,ok
6268669640,ef4ebfbf-3293-4ff7-88db-2a916ca2734b,https://t.me/c/2620006618/63,wb_racheltrainer_1,,Forbidden: bot was blocked by the user,,
8144492573,3a6cb54e-4b93-45ef-a098-b2355a4edc1d,https://t.me/c/2620006618/63,wb_racheltrainer_1,2025-07-08T19:35:28.240930+00:00,ok,2025-07-08T19:35:30.901372+00:00,ok
7533273709,012f9d5f-4ef3-48c2-8053-06243595c453,https://t.me/c/2620006618/63,wb_racheltrainer_1,,Forbidden: bot was blocked by the user,,
8038856341,30b66248-8529-47a4-874d-99f7705b6aab,https://t.me/c/2620006618/63,wb_racheltrainer_1,2025-07-08T19:35:33.037994+00:00,ok,2025-07-08T19:35:37.922838+00:00,ok
7691642187,49ef96a2-e16e-4536-9786-19e58ffdb96b,https://t.me/c/2620006618/63,wb_racheltrainer_1,2025-07-08T19:35:39.120348+00:00,ok,2025-07-08T19:35:41.601298+00:00,ok
8015996797,7aae9100-4134-4f36-8483-34963ec160ab,https://t.me/c/2620006618/63,wb_racheltrainer_1,2025-07-08T19:35:42.669414+00:00,ok,2025-07-08T19:35:45.234948+00:00,ok
2089244369,bde64666-f898-4c70-b4cb-5cbc3f26fc98,https://t.me/c/2620006618/63,wb_racheltrainer_1,,Forbidden: bot was blocked by the user,,
5626469460,4b24542d-703a-4b85-ae0b-6e4dc97e5e9b,https://t.me/c/2620006618/63,wb_racheltrainer_1,,Forbidden: bot was blocked by the user,,
5597636705,3a527416-f676-45bb-9a3b-e4e8acc0a4f6,https://t.me/c/2620006618/63,wb_racheltrainer_1,,Forbidden: bot was blocked by the user,,
7930045822,1d5a82ac-4f54-4cd2-826e-e22373ab2647,https://t.me/c/2620006618/63,wb_racheltrainer_1,,Forbidden: bot was blocked by the user,,
7414508604,269a52bd-0b65-44b7-a1ba-41fe0acaa62a,https://t.me/c/2620006618/63,wb_racheltrainer_1,2025-07-08T19:35:50.755853+00:00,ok,2025-07-08T19:35:53.321530+00:00,ok
1795583832,b8e1df78-a656-42b1-a8fb-c2a1430576df,https://t.me/c/2620006618/63,wb_racheltrainer_1,2025-07-08T19:35:54.415590+00:00,ok,2025-07-08T19:35:56.141602+00:00,ok
7856957875,fb93f3d6-51e7-4aaa-af7a-8e4430e23d5e,https://t.me/c/2620006618/63,wb_racheltrainer_1,2025-07-08T19:35:57.217260+00:00,ok,2025-07-08T19:35:58.941437+00:00,ok
611453786,634db640-0df4-41a5-b110-5b5ef921b953,https://t.me/c/2620006618/63,wb_racheltrainer_1,2025-07-08T19:36:00.064226+00:00,ok,2025-07-08T19:36:01.742836+00:00,ok
8034922237,f2d08ded-7dab-46c7-b07c-e3f0ed27ae5e,https://t.me/c/2620006618/63,wb_racheltrainer_1,2025-07-08T19:36:02.819898+00:00,ok,2025-07-08T19:36:04.564035+00:00,ok
7788927905,72d04704-705c-4c40-bbdb-c355b176b025,https://t.me/c/2620006618/63,wb_racheltrainer_1,,Bad Request: chat not found,,
266210098,ffb2d23a-cd0f-4f89-9818-073a6043339b,https://t.me/c/2620006618/63,wb_racheltrainer_1,,Forbidden: bot was blocked by the user,,
6203003444,788eb5b5-e1f2-4295-acbd-bb185302b6ba,https://t.me/c/2620006618/63,wb_racheltrainer_1,,Forbidden: bot was blocked by the user,,
6919214383,3ad37bce-8880-43d9-b37c-f266c81126f7,https://t.me/c/2620006618/63,wb_racheltrainer_1,,Forbidden: bot was blocked by the user,,
8026098213,8d8b951f-21e9-48bf-8a82-a045c4689b9f,https://t.me/c/2620006618/63,wb_racheltrainer_1,2025-07-08T19:36:10.001501+00:00,ok,2025-07-08T19:36:11.761314+00:00,ok
6399658944,30399b76-f6b3-4477-bbf1-ceab317aefa8,https://t.me/c/2620006618/63,wb_racheltrainer_1,,Forbidden: bot was blocked by the user,,
7622725526,28f3a503-3579-4c10-ad33-466a9b007554,https://t.me/c/2620006618/63,wb_racheltrainer_1,,Forbidden: bot was blocked by the user,,
6795848460,779294a0-8afd-4570-b27f-c93a282cf8e6,https://t.me/c/2620006618/63,wb_racheltrainer_1,,Forbidden: bot was blocked by the user,,
6314808157,4c45ecb1-f665-45e9-b6d7-87b7a4d3b916,https://t.me/c/2620006618/63,wb_racheltrainer_1,2025-07-08T19:36:16.150295+00:00,ok,2025-07-08T19:36:17.802648+00:00,ok
5291133061,08bf0d55-5c9b-41d0-a857-ec1eb46cf89d,https://t.me/c/2620006618/63,wb_racheltrainer_1,,Bad Request: chat not found,,
7685085568,9539641d-c0e2-4fc1-9044-296d2f60341f,https://t.me/c/2620006618/63,wb_racheltrainer_1,,Forbidden: bot was blocked by the user,,
1706267298,4853b961-2c56-4e8a-a7a9-ac020ff129b1,https://t.me/c/2620006618/63,wb_racheltrainer_1,2025-07-08T19:36:21.123479+00:00,ok,2025-07-08T19:36:22.921622+00:00,ok
6516110900,3bb39737-ca7d-4300-94cb-1774be1b05ef,https://t.me/c/2620006618/63,wb_racheltrainer_1,,Forbidden: bot was blocked by the user,,
6512719611,554e566d-4b05-4a34-ab47-d057d6b5a3c8,https://t.me/c/2620006618/63,wb_racheltrainer_1,,Forbidden: bot was blocked by the user,,
6631126844,faa90011-b0d4-47a6-be62-3efb029248e8,https://t.me/c/2620006618/63,wb_racheltrainer_1,,Forbidden: bot was blocked by the user,,
422217488,cc32150b-a878-4586-a2e9-881c10341cd0,https://t.me/c/2620006618/63,wb_racheltrainer_1,,Forbidden: bot was blocked by the user,,
6821801674,564df665-e8c4-4755-b9eb-e7ddf473ffa4,https://t.me/c/2620006618/63,wb_racheltrainer_1,,Forbidden: bot was blocked by the user,,
5715797423,e561a2ae-4422-4143-b4b2-cebf5445abfd,https://t.me/c/2620006618/63,wb_racheltrainer_1,,Forbidden: bot was blocked by the user,,
1724385133,0c977e67-9996-4d5e-a0e4-56e45aaec153,https://t.me/c/2620006618/63,wb_racheltrainer_1,2025-07-08T19:36:30.527809+00:00,ok,2025-07-08T19:36:32.280338+00:00,ok
7672362103,976340c1-b883-48d4-8a16-5cd92707e7bd,https://t.me/c/2620006618/63,wb_racheltrainer_1,2025-07-08T19:36:33.439705+00:00,ok,2025-07-08T19:36:35.203324+00:00,ok
1381736115,16d92454-52ba-413a-88ac-7ea31e1536e6,https://t.me/c/2620006618/63,wb_racheltrainer_1,,Forbidden: bot was blocked by the user,,
5753124738,18d718d7-7971-499f-b4cc-e79f84045028,https://t.me/c/2620006618/63,wb_racheltrainer_1,2025-07-08T19:36:37.404823+00:00,ok,2025-07-08T19:36:39.123770+00:00,ok
1217204703,8fdb4a2b-33f1-45f8-bc02-17968974e3ca,https://t.me/c/2620006618/63,wb_racheltrainer_1,2025-07-08T19:36:40.281907+00:00,ok,2025-07-08T19:36:41.969493+00:00,ok
6231900840,718ed48c-a1bf-4951-b12e-341b78c0fc36,https://t.me/c/2620006618/63,wb_racheltrainer_1,2025-07-08T19:36:43.035670+00:00,ok,2025-07-08T19:36:44.702151+00:00,ok
6013694507,c57cdcb5-bfde-4202-99c0-e09023bb85ca,https://t.me/c/2620006618/63,wb_racheltrainer_1,,Forbidden: bot was blocked by the user,,
5304116907,d0db2e22-e582-42c8-a72a-0d443c85f755,https://t.me/c/2620006618/63,wb_racheltrainer_1,2025-07-08T19:36:46.927237+00:00,ok,2025-07-08T19:36:48.660878+00:00,ok
1648993479,d64a7b78-882f-4655-95de-65e88213d179,https://t.me/c/2620006618/63,wb_racheltrainer_1,2025-07-08T19:36:49.732288+00:00,ok,2025-07-08T19:36:51.543220+00:00,ok
8019745218,0b8e5fae-5ed3-4e96-a3f5-72081168bc68,https://t.me/c/2620006618/63,wb_racheltrainer_1,2025-07-08T19:36:52.611192+00:00,ok,2025-07-08T19:36:54.296485+00:00,ok
6365288878,2399c3f5-0dbf-48f0-9fc1-2f3a768d79fe,https://t.me/c/2620006618/63,wb_racheltrainer_1,,Forbidden: bot was blocked by the user,,
1899090459,ce2eb131-286f-452a-8bc3-9dba7264cd34,https://t.me/c/2620006618/63,wb_racheltrainer_1,2025-07-08T19:36:56.572102+00:00,ok,2025-07-08T19:36:58.281320+00:00,ok
1434627198,0c312c90-b7cf-4dda-90d3-7d96075242d3,https://t.me/c/2620006618/63,wb_racheltrainer_1,,Forbidden: bot was blocked by the user,,
6932511084,b70c680c-a9ac-421f-a1c7-ce0bd19442f8,https://t.me/c/2620006618/63,wb_racheltrainer_1,2025-07-08T19:37:00.413498+00:00,ok,2025-07-08T19:37:02.384539+00:00,ok
7064076786,fa8ec8fd-23f5-4682-b0ad-872ddb708fbb,https://t.me/c/2620006618/63,wb_racheltrainer_1,2025-07-08T19:37:03.459587+00:00,ok,2025-07-08T19:37:05.486241+00:00,ok
1395372610,c3802f38-540f-4fc3-9292-7fc8e8c2a5d4,https://t.me/c/2620006618/63,wb_racheltrainer_1,,Forbidden: bot was blocked by the user,,
6093977271,67a53ab0-6100-437e-bf48-8b9a8e6551bc,https://t.me/c/2620006618/63,wb_racheltrainer_1,,Bad Request: chat not found,,
7856119431,2c2dc56f-3aa2-4ea3-86c1-7d53ad3d5717,https://t.me/c/2620006618/63,wb_racheltrainer_1,2025-07-08T19:37:08.804628+00:00,ok,2025-07-08T19:37:11.156121+00:00,ok
7627368816,22a96c6b-e957-4ef7-ad30-7d3f7af93331,https://t.me/c/2620006618/63,wb_racheltrainer_1,2025-07-08T19:37:12.223303+00:00,ok,2025-07-08T19:37:14.401380+00:00,ok
5925499840,98b4b40f-569c-4319-8bfa-4ec38601847e,https://t.me/c/2620006618/63,wb_racheltrainer_1,,Bad Request: chat not found,,
868949382,f5f9aefa-3e20-4e9d-a540-2ca251218eb5,https://t.me/c/2620006618/63,wb_racheltrainer_1,,Forbidden: bot was blocked by the user,,
8034409359,9afabc04-d526-4a02-a297-dc6d165ac01b,https://t.me/c/2620006618/63,wb_racheltrainer_1,,Forbidden: bot was blocked by the user,,
7507749625,047d8c75-3681-4458-8393-04db42a60b7c,https://t.me/c/2620006618/63,wb_racheltrainer_1,,Forbidden: bot was blocked by the user,,
1788866443,56073db8-9e48-43e4-b83b-6c2e0688e9c0,https://t.me/c/2620006618/63,wb_racheltrainer_1,,Forbidden: bot was blocked by the user,,
1002780320,fb42273d-7ad6-417a-b3f9-6cd612f0cf08,https://t.me/c/2620006618/63,wb_racheltrainer_1,,Forbidden: bot was blocked by the user,,
5143939923,4056200d-6354-48e3-9c84-ecb32ad3a532,https://t.me/c/2620006618/63,wb_racheltrainer_1,,Forbidden: bot was blocked by the user,,
1584758622,6450502c-fb67-4a5b-a5fc-7b23abea92f8,https://t.me/c/2620006618/63,wb_racheltrainer_1,2025-07-08T19:37:23.516885+00:00,ok,2025-07-08T19:37:25.592228+00:00,ok
2100317329,e582eb3f-8944-4b7d-a568-69219f6c514a,https://t.me/c/2620006618/63,wb_racheltrainer_1,,Bad Request: chat not found,,
1939006818,1f091858-164d-4078-b619-d1859a4e109f,https://t.me/c/2620006618/63,wb_racheltrainer_1,,Forbidden: bot was blocked by the user,,
5785063916,75e1faf0-3780-4d46-ac92-ae05dbfc17c3,https://t.me/c/2620006618/63,wb_racheltrainer_1,2025-07-08T19:37:28.849348+00:00,ok,2025-07-08T19:37:31.061922+00:00,ok
1708926214,5fbca64d-6820-49cf-9736-f002fcb2b0fe,https://t.me/c/2620006618/63,wb_racheltrainer_1,,Forbidden: bot was blocked by the user,,
7029148511,aae7504e-890d-467c-969c-77b9be1fae47,https://t.me/c/2620006618/63,wb_racheltrainer_1,,Forbidden: bot was blocked by the user,,
2144861927,1d7955b2-5539-41c0-be44-8fb9c8b58102,https://t.me/c/2620006618/63,wb_racheltrainer_1,,Forbidden: bot was blocked by the user,,
5599346929,333ccb56-3146-49e9-be73-ac27ac908f97,https://t.me/c/2620006618/63,wb_racheltrainer_1,,Forbidden: bot was blocked by the user,,
6169428744,ca652853-1462-4b53-9fac-e0e9b575c500,https://t.me/c/2620006618/63,wb_racheltrainer_1,2025-07-08T19:37:36.803394+00:00,ok,2025-07-08T19:37:38.912449+00:00,ok
6263790835,3c90bd56-a298-48b2-8195-e2a120065a1e,https://t.me/c/2620006618/63,wb_racheltrainer_1,,Forbidden: bot was blocked by the user,,
5399371979,b867b8ce-b158-493b-b9ba-63ebe4442911,https://t.me/c/2620006618/63,wb_racheltrainer_1,,Forbidden: bot was blocked by the user,,
8002643080,9d10caac-33a5-4bd6-abaf-c3879b0c199d,https://t.me/c/2620006618/63,wb_racheltrainer_1,,Forbidden: user is deactivated,,
5696649765,0d6217b4-43ca-43ee-bc33-3cc256acd426,https://t.me/c/2620006618/63,wb_racheltrainer_1,2025-07-08T19:37:43.204800+00:00,ok,2025-07-08T19:37:45.530085+00:00,ok
7648572062,379df598-21da-438d-b3b4-14709aa3a939,https://t.me/c/2620006618/63,wb_racheltrainer_1,2025-07-08T19:37:46.649336+00:00,ok,2025-07-08T19:37:48.945076+00:00,ok
7729486894,d7b7ac1a-6f08-4281-8c03-e35fa0808c78,https://t.me/c/2620006618/63,wb_racheltrainer_1,2025-07-08T19:37:50.055200+00:00,ok,2025-07-08T19:37:52.272245+00:00,ok
6388825459,30bcee7c-62f8-4949-912e-6bcd3a2c61bb,https://t.me/c/2620006618/63,wb_racheltrainer_1,,Forbidden: bot was blocked by the user,,
8118485418,0e0fe2a4-79b3-453e-857c-d3a0214852bc,https://t.me/c/2620006618/63,wb_racheltrainer_1,2025-07-08T19:37:54.407959+00:00,ok,2025-07-08T19:37:56.582015+00:00,ok
6885936501,9c0e19c3-0b75-423f-9659-09759e427a8f,https://t.me/c/2620006618/63,wb_racheltrainer_1,2025-07-08T19:37:57.665367+00:00,ok,2025-07-08T19:37:59.987606+00:00,ok
1966435481,fd5e52e7-9c9d-4dae-8ec5-5425a8512491,https://t.me/c/2620006618/63,wb_racheltrainer_1,2025-07-08T19:38:01.149611+00:00,ok,2025-07-08T19:38:03.447922+00:00,ok
846442511,ca6efb11-a86e-4868-958f-72c7f6652807,https://t.me/c/2620006618/63,wb_racheltrainer_1,2025-07-08T19:38:04.746546+00:00,ok,2025-07-08T19:38:07.060514+00:00,ok
6248676171,8d46ad20-bc17-4f0d-b7a1-1579fdb966f4,https://t.me/c/2620006618/63,wb_racheltrainer_1,,Forbidden: bot was blocked by the user,,
1815173258,c0c1897f-fe9c-4519-a5f2-d67626913adf,https://t.me/c/2620006618/63,wb_racheltrainer_1,2025-07-08T19:38:09.394893+00:00,ok,2025-07-08T19:38:13.327286+00:00,ok
7017198106,430cf7a8-5161-4a77-a07c-29d0387de381,https://t.me/c/2620006618/63,wb_racheltrainer_1,,Forbidden: bot was blocked by the user,,
6984916495,92515279-1e25-46d0-a34e-8478f54a0885,https://t.me/c/2620006618/63,wb_racheltrainer_1,,Forbidden: bot was blocked by the user,,
5654156677,4fcad80d-f51e-4712-b03d-0ed76e415d27,https://t.me/c/2620006618/63,wb_racheltrainer_1,2025-07-08T19:38:16.591599+00:00,ok,2025-07-08T19:38:18.946084+00:00,ok
686008071,02187393-4f8d-484c-a522-bcda3e2771e0,https://t.me/c/2620006618/63,wb_racheltrainer_1,,Forbidden: bot was blocked by the user,,
1650887674,bfb8450b-1d00-43ac-80fe-47638b353634,https://t.me/c/2620006618/63,wb_racheltrainer_1,,Forbidden: bot was blocked by the user,,
5613756657,8f939d96-8643-45df-b77f-a802ae4a2e61,https://t.me/c/2620006618/63,wb_racheltrainer_1,2025-07-08T19:38:22.360714+00:00,ok,2025-07-08T19:38:24.644872+00:00,ok
1786652038,1a94c4e1-658d-46a9-8ceb-1bb2eb2f4fd7,https://t.me/c/2620006618/63,wb_racheltrainer_1,2025-07-08T19:38:25.773349+00:00,ok,2025-07-08T19:38:28.200821+00:00,ok
6380683142,5ab025ad-809b-400b-bfce-21a1b34401c9,https://t.me/c/2620006618/63,wb_racheltrainer_1,,Forbidden: bot was blocked by the user,,
6730058400,94dcc29c-7f69-4bfa-826f-da8fcbd256ea,https://t.me/c/2620006618/63,wb_racheltrainer_1,2025-07-08T19:38:30.390688+00:00,ok,2025-07-08T19:38:32.644436+00:00,ok
1297135710,c8a2b441-76a9-46fa-908c-36422572de86,https://t.me/c/2620006618/63,wb_racheltrainer_1,,Forbidden: bot was blocked by the user,,
5609759076,42d1b473-647d-4bfb-89f8-dd2360dd3c73,https://t.me/c/2620006618/63,wb_racheltrainer_1,2025-07-08T19:38:34.781802+00:00,ok,2025-07-08T19:38:37.170472+00:00,ok
7601154717,763aa19d-918b-49da-aa09-9cf8e7d2dc50,https://t.me/c/2620006618/63,wb_racheltrainer_1,2025-07-08T19:38:38.458968+00:00,ok,2025-07-08T19:38:40.832810+00:00,ok
6455625822,3c3e140f-754d-4fe3-b8d3-d7ac6e060c7a,https://t.me/c/2620006618/63,wb_racheltrainer_1,,Forbidden: bot was blocked by the user,,
7005187288,16cf4361-97b6-4e49-b4cb-89385fda1fee,https://t.me/c/2620006618/63,wb_racheltrainer_1,,Forbidden: user is deactivated,,
6852259619,7d8a025f-f0b4-4d17-a200-92bbf296df53,https://t.me/c/2620006618/63,wb_racheltrainer_1,,Forbidden: bot was blocked by the user,,
1167491557,ad726678-6c88-4e0d-a733-5ef55be18709,https://t.me/c/2620006618/63,wb_racheltrainer_1,,Forbidden: bot was blocked by the user,,
7894060387,8f34cbbf-bd4b-4294-9783-bc45e5384cbf,https://t.me/c/2620006618/63,wb_racheltrainer_1,,Forbidden: bot was blocked by the user,,
1125735876,9e2682b8-b0f9-4092-aba0-30bb0da3247b,https://t.me/c/2620006618/63,wb_racheltrainer_1,2025-07-08T19:38:47.475343+00:00,ok,2025-07-08T19:38:49.785089+00:00,ok
1270768866,d75c33f8-fa24-4105-87e2-f41a96636662,https://t.me/c/2620006618/63,wb_racheltrainer_1,,Forbidden: bot was blocked by the user,,
6812435032,a0bbf91f-54d6-4ee2-a0a6-fc232d8c1744,https://t.me/c/2620006618/63,wb_racheltrainer_1,,Forbidden: bot was blocked by the user,,
7196106978,d2e6fd0c-b947-47b8-9fa8-f931fbbf85db,https://t.me/c/2620006618/63,wb_racheltrainer_1,,Forbidden: bot was blocked by the user,,
6589727306,cc174cfd-3d6a-40c4-be71-8c8381f56811,https://t.me/c/2620006618/63,wb_racheltrainer_1,2025-07-08T19:38:54.685600+00:00,ok,2025-07-08T19:38:56.906306+00:00,ok
709605776,45252f7d-d4e2-46a8-a195-e3a0701d0e64,https://t.me/c/2620006618/63,wb_racheltrainer_1,,Forbidden: bot was blocked by the user,,
6924902969,dab146c2-e1da-4210-8ef2-88ad4a161e37,https://t.me/c/2620006618/63,wb_racheltrainer_1,2025-07-08T19:38:59.113043+00:00,ok,2025-07-08T19:39:01.543129+00:00,ok
880527730,c8924cf4-e6ad-4b60-9312-be9e0526656a,https://t.me/c/2620006618/63,wb_racheltrainer_1,,Forbidden: bot was blocked by the user,,
53023814,710eac83-08a0-454a-a5b9-b02473453077,https://t.me/c/2620006618/63,wb_racheltrainer_1,2025-07-08T19:39:03.852922+00:00,ok,2025-07-08T19:39:06.104993+00:00,ok
6919340136,97b03f28-d880-4801-ba99-979ee29c2e4a,https://t.me/c/2620006618/63,wb_racheltrainer_1,,Forbidden: bot was blocked by the user,,
409226219,63fa58e0-a19a-40cc-b24f-51a4b2975d68,https://t.me/c/2620006618/63,wb_racheltrainer_1,2025-07-08T19:39:08.240754+00:00,ok,2025-07-08T19:39:10.459657+00:00,ok
7794774081,e73b1ed9-0c60-4530-927b-0ee9375e55ea,https://t.me/c/2620006618/63,wb_racheltrainer_1,,Forbidden: bot was blocked by the user,,
6244201105,fcc5f184-0531-4144-8fe7-67fa9689ba8e,https://t.me/c/2620006618/63,wb_racheltrainer_1,,Forbidden: bot was blocked by the user,,
6680679706,17720867-cb4a-4fcf-b7d8-368537583739,https://t.me/c/2620006618/63,wb_racheltrainer_1,,Forbidden: bot was blocked by the user,,
7974621406,1ff68043-0098-44a3-9e57-ee57936d33b1,https://t.me/c/2620006618/63,wb_racheltrainer_1,,Forbidden: bot was blocked by the user,,
5494494629,e7c954e9-fa53-4574-95b5-deb1f7fb8d56,https://t.me/c/2620006618/63,wb_racheltrainer_1,2025-07-08T19:39:15.922169+00:00,ok,2025-07-08T19:39:18.438416+00:00,ok
7509625643,355337b2-66af-4365-bf7c-01af222a18a9,https://t.me/c/2620006618/63,wb_racheltrainer_1,,Forbidden: bot was blocked by the user,,
1405954542,65e09495-a2d5-42fb-8ff1-7a816faf6e8c,https://t.me/c/2620006618/63,wb_racheltrainer_1,,Forbidden: user is deactivated,,
8188005671,bcad3209-7717-40e7-8107-bf593745537a,https://t.me/c/2620006618/63,wb_racheltrainer_1,,Forbidden: user is deactivated,,
6891244429,29525c22-ef49-4bff-9f60-7bee2565b7a9,https://t.me/c/2620006618/64,wb_anna_1,2025-07-08T19:39:22.732324+00:00,ok,2025-07-08T19:39:25.101647+00:00,ok
7363458642,9eba81a9-5800-4e29-9b3f-7ec57d4c9dbc,https://t.me/c/2620006618/64,wb_anna_1,,Forbidden: bot was blocked by the user,,
5420088446,e0303b3f-0dd8-43a9-b87e-33243ed9dfa6,https://t.me/c/2620006618/64,wb_anna_1,,Forbidden: bot was blocked by the user,,
1261679995,b470e434-9c6f-49a9-952e-5e6d50256cd6,https://t.me/c/2620006618/64,wb_anna_1,,Bad Request: chat not found,,
2024507772,5aab99d1-aa16-4c00-9da0-c43cf77721ba,https://t.me/c/2620006618/64,wb_anna_1,,Forbidden: bot was blocked by the user,,
1996849631,13873ada-332c-4e1f-803c-b92a2bf5fbb0,https://t.me/c/2620006618/64,wb_anna_1,,Bad Request: chat not found,,
421913410,019e6685-a271-48a3-af2e-6568065059e2,https://t.me/c/2620006618/64,wb_anna_1,,Bad Request: chat not found,,
7759197324,0b5929cf-6150-438e-8c7b-ece9ab524ebb,https://t.me/c/2620006618/64,wb_anna_1,,Bad Request: chat not found,,
474923293,d9c8294b-60ab-4054-9957-d61f93636e02,https://t.me/c/2620006618/64,wb_anna_1,,Forbidden: bot was blocked by the user,,
1037929241,f327fdfa-376c-4595-b1a3-95523d42952c,https://t.me/c/2620006618/64,wb_anna_1,,Forbidden: bot was blocked by the user,,
344805197,cb72f23d-073e-48f3-a9fc-fb5337f99a10,https://t.me/c/2620006618/64,wb_anna_1,,Bad Request: chat not found,,
6815406130,9548fe9a-e3cf-4f4b-a8e9-fe3dafc14e18,https://t.me/c/2620006618/64,wb_anna_1,,Forbidden: bot was blocked by the user,,
1259222819,167a8365-25ad-4505-8891-c59790ae3ded,https://t.me/c/2620006618/64,wb_anna_1,,Bad Request: chat not found,,
5708077934,ba56aaef-905d-46f5-aff6-f05106ded5f7,https://t.me/c/2620006618/64,wb_anna_1,2025-07-08T19:39:39.529315+00:00,ok,2025-07-08T19:39:41.890384+00:00,ok
7699673486,7b1b99de-4927-4540-a503-e1e3f6242536,https://t.me/c/2620006618/64,wb_anna_1,,Bad Request: chat not found,,
2102826827,aafcb419-4a68-4b4f-bb52-760d80bbaf9c,https://t.me/c/2620006618/64,wb_anna_1,2025-07-08T19:39:44.012843+00:00,ok,2025-07-08T19:39:46.292005+00:00,ok
7820247773,126ff261-dcb0-434b-85c5-145977d32a76,https://t.me/c/2620006618/64,wb_anna_1,,Forbidden: bot was blocked by the user,,
1787490130,5c439890-242d-4e43-99cb-c04302105aaa,https://t.me/c/2620006618/64,wb_anna_1,2025-07-08T19:39:48.491196+00:00,ok,2025-07-08T19:39:50.866396+00:00,ok
945519049,5548dce0-7745-4c41-bced-07a1437463fd,https://t.me/c/2620006618/64,wb_anna_1,2025-07-08T19:39:51.948094+00:00,ok,2025-07-08T19:39:54.277599+00:00,ok
7113239017,8abf180d-6d5b-4902-bda7-6d8fb5528362,https://t.me/c/2620006618/64,wb_anna_1,2025-07-08T19:39:55.362667+00:00,ok,2025-07-08T19:39:57.601110+00:00,ok
6520289741,30ab1f0a-06b0-42e1-8cb8-f07e9eb5aee3,https://t.me/c/2620006618/64,wb_anna_1,2025-07-08T19:39:58.662889+00:00,ok,2025-07-08T19:40:00.787732+00:00,ok
7613334765,93baf302-eb3a-487c-a4c0-ac1b447a68c6,https://t.me/c/2620006618/64,wb_anna_1,2025-07-08T19:40:01.847725+00:00,ok,2025-07-08T19:40:04.311517+00:00,ok
7002373831,2e5dc21f-23cc-429f-aa61-cdde6879622c,https://t.me/c/2620006618/64,wb_anna_1,,Forbidden: user is deactivated,,
7274596455,e1afce50-f109-4d6b-9924-386876a9ee8f,https://t.me/c/2620006618/64,wb_anna_1,,Forbidden: bot was blocked by the user,,
7963641189,9810b5a5-7309-44d3-b2bf-b2e28fea6275,https://t.me/c/2620006618/64,wb_anna_1,2025-07-08T19:40:07.619342+00:00,ok,2025-07-08T19:40:09.761690+00:00,ok
7658950153,66a8d126-72ed-4b20-8be1-562e169aec90,https://t.me/c/2620006618/64,wb_anna_1,2025-07-08T19:40:10.841341+00:00,ok,2025-07-08T19:40:15.621323+00:00,ok
7761332504,803fe7c4-ef96-467c-b32e-90e2682158bd,https://t.me/c/2620006618/64,wb_anna_1,,Bad Request: chat not found,,
7414487974,60f8b8f6-9a9b-486a-b31b-3d7c94246b4e,https://t.me/c/2620006618/64,wb_anna_1,,Forbidden: bot was blocked by the user,,
1618817411,841b100f-d56b-4125-b93b-3772a90faee5,https://t.me/c/2620006618/64,wb_anna_1,,Forbidden: bot was blocked by the user,,
7738890294,b713a117-85d0-4e27-aaf8-6ef6cbc8c58a,https://t.me/c/2620006618/64,wb_anna_1,2025-07-08T19:40:20.038785+00:00,ok,2025-07-08T19:40:22.553955+00:00,ok
7836408310,c51b43e8-637e-4f77-bdcc-7009992a11f2,https://t.me/c/2620006618/64,wb_anna_1,2025-07-08T19:40:23.698069+00:00,ok,2025-07-08T19:40:25.880664+00:00,ok
6939750085,5af53831-8b8b-46bc-aaac-ccfdeffe6219,https://t.me/c/2620006618/64,wb_anna_1,,Forbidden: bot was blocked by the user,,
7039320706,dc41f866-685a-46ea-b9d0-7c6356c2aede,https://t.me/c/2620006618/64,wb_anna_1,,Forbidden: bot was blocked by the user,,
7304016624,a9524154-5d21-4e85-9eb1-5e95a22df1b9,https://t.me/c/2620006618/64,wb_anna_1,2025-07-08T19:40:29.379939+00:00,ok,2025-07-08T19:40:31.767894+00:00,ok
7232312182,77cce7e3-fc85-4147-9c95-24878546fda2,https://t.me/c/2620006618/64,wb_anna_1,2025-07-08T19:40:32.862662+00:00,ok,2025-07-08T19:40:35.092444+00:00,ok
5509714181,51f58cd1-3942-48c2-aa0f-20561fbc7392,https://t.me/c/2620006618/64,wb_anna_1,,Forbidden: bot was blocked by the user,,
5493812795,a3c3390c-f234-40e4-a614-ef0a2f9b508d,https://t.me/c/2620006618/64,wb_anna_1,2025-07-08T19:40:37.240738+00:00,ok,2025-07-08T19:40:39.639966+00:00,ok
7772755631,52949696-a78b-4f36-a66a-29b47ecaeafc,https://t.me/c/2620006618/64,wb_anna_1,,Forbidden: bot was blocked by the user,,
1531404888,7fba0f2b-46d7-428c-948d-7e5d8910ec62,https://t.me/c/2620006618/64,wb_anna_1,2025-07-08T19:40:41.774640+00:00,ok,2025-07-08T19:40:44.037908+00:00,ok
1955260051,0db47d61-69b8-45bd-ba10-76a26f705ba7,https://t.me/c/2620006618/64,wb_anna_1,2025-07-08T19:40:45.302620+00:00,ok,2025-07-08T19:40:47.471657+00:00,ok
5704689381,3b91c758-81c8-424e-ae30-e1696c65c65a,https://t.me/c/2620006618/64,wb_anna_1,,Forbidden: bot was blocked by the user,,
6012286485,eb7967d2-16c5-4325-b8ca-6b1c7110468c,https://t.me/c/2620006618/64,wb_anna_1,2025-07-08T19:40:49.663491+00:00,ok,2025-07-08T19:40:51.949832+00:00,ok
5837252982,a86f68a0-e74c-4dc7-8b00-8597d2da0cf8,https://t.me/c/2620006618/64,wb_anna_1,,Forbidden: bot was blocked by the user,,
5680744722,412fec5c-fd41-4144-a7ec-6fe83d33763f,https://t.me/c/2620006618/64,wb_anna_1,2025-07-08T19:40:54.312756+00:00,ok,2025-07-08T19:40:56.768746+00:00,ok
7515327378,45046ca3-911c-4ed7-b407-5057866582bf,https://t.me/c/2620006618/64,wb_anna_1,,Forbidden: bot was blocked by the user,,
1345153517,c51c262c-f248-4ab3-9a43-0449dac7edb4,https://t.me/c/2620006618/64,wb_anna_1,2025-07-08T19:40:59.125266+00:00,ok,2025-07-08T19:41:01.383185+00:00,ok
6539191300,a0cac16a-b8fb-45a1-b944-2fd4b16839b1,https://t.me/c/2620006618/64,wb_anna_1,,Forbidden: bot was blocked by the user,,
7828186326,f65dbe81-8595-4b60-a88d-611770d88c5b,https://t.me/c/2620006618/64,wb_anna_1,,Forbidden: bot was blocked by the user,,
6641328019,3c4f29cc-5647-4f76-9a61-a841147e9123,https://t.me/c/2620006618/65,wb_jessica_1,,Bad Request: chat not found,,
1191453360,db73c2d0-4013-436a-9477-91ee71a42e62,https://t.me/c/2620006618/65,wb_jessica_1,,Bad Request: chat not found,,
342353446,d3a5d1e6-f6c1-44cd-8f9c-587afe175ad6,https://t.me/c/2620006618/65,wb_jessica_1,2025-07-08T19:41:06.946732+00:00,ok,2025-07-08T19:41:09.264356+00:00,ok
7903066247,dfa1bcd3-5d4c-448f-b8ed-8dd46a88b1dd,https://t.me/c/2620006618/65,wb_jessica_1,,Bad Request: chat not found,,
7646081388,451a6a03-ccac-40bf-be1a-06d206fd573f,https://t.me/c/2620006618/65,wb_jessica_1,2025-07-08T19:41:11.384629+00:00,ok,2025-07-08T19:41:13.681162+00:00,ok
6701262646,d8c1abd9-e511-47f4-80e4-a7ba412ca590,https://t.me/c/2620006618/65,wb_jessica_1,2025-07-08T19:41:14.831599+00:00,ok,2025-07-08T19:41:17.303363+00:00,ok
6890290094,d253fb3f-665a-4ad3-aa96-6d0eb3aed7c7,https://t.me/c/2620006618/65,wb_jessica_1,,Bad Request: chat not found,,
7667506505,484f5410-a98f-4e22-9bd0-e29bc4795846,https://t.me/c/2620006618/65,wb_jessica_1,,Bad Request: chat not found,,
1944582072,6bd9eefd-6e12-4cbd-9edd-f241f9a7487f,https://t.me/c/2620006618/65,wb_jessica_1,2025-07-08T19:41:20.495862+00:00,ok,2025-07-08T19:41:22.689422+00:00,ok
6046581057,e0c8dfce-c13d-4e33-9140-82916934e849,https://t.me/c/2620006618/65,wb_jessica_1,,Forbidden: bot was blocked by the user,,
372983243,b11da7d3-91b5-412f-8ccb-c6fc792032fc,https://t.me/c/2620006618/65,wb_jessica_1,,Forbidden: bot was blocked by the user,,
7790890443,21c2be2f-0116-4952-8cb3-3da15d6b77b3,https://t.me/c/2620006618/65,wb_jessica_1,,Forbidden: bot was blocked by the user,,
7863268094,26c658ce-221e-4dac-bed7-8ad56ae4b825,https://t.me/c/2620006618/65,wb_jessica_1,2025-07-08T19:41:26.998008+00:00,ok,2025-07-08T19:41:29.412185+00:00,ok
2110794429,fcf1a429-4164-484b-bc38-5f9db91a2653,https://t.me/c/2620006618/65,wb_jessica_1,,Bad Request: chat not found,,
6913428734,2c8bc023-0f76-4968-a6db-206373b4db08,https://t.me/c/2620006618/65,wb_jessica_1,,Forbidden: bot was blocked by the user,,
5228786017,9580598c-aad1-4204-b562-5b577ebb94de,https://t.me/c/2620006618/65,wb_jessica_1,,Forbidden: bot was blocked by the user,,
1735756251,24a7c815-9c60-4308-9817-c7922f412870,https://t.me/c/2620006618/65,wb_jessica_1,2025-07-08T19:41:33.658740+00:00,ok,2025-07-08T19:41:35.883390+00:00,ok
908263876,7d7ae7d8-99aa-4c2d-9da0-940a5c219e11,https://t.me/c/2620006618/65,wb_jessica_1,2025-07-08T19:41:37.147160+00:00,ok,2025-07-08T19:41:39.514457+00:00,ok
7713521080,9e5fb647-ba6a-4763-9038-eaf9d30a64d8,https://t.me/c/2620006618/65,wb_jessica_1,,Forbidden: bot was blocked by the user,,
6078751882,7ba78bd3-f704-49aa-9920-e073c2e52ad3,https://t.me/c/2620006618/65,wb_jessica_1,,Forbidden: bot was blocked by the user,,
6041331058,9dc179e9-ffe4-438b-86d8-42f30a78d10a,https://t.me/c/2620006618/65,wb_jessica_1,,Bad Request: chat not found,,
5725398868,d19a6b1c-858b-422e-b828-138a2f4d6a71,https://t.me/c/2620006618/65,wb_jessica_1,2025-07-08T19:41:43.836959+00:00,ok,2025-07-08T19:41:46.201618+00:00,ok
5030166891,36f12c45-7509-49cc-947c-468adb6984c9,https://t.me/c/2620006618/65,wb_jessica_1,,Forbidden: bot was blocked by the user,,
1990309952,07b70859-85c8-497a-bbc1-31d948b763b1,https://t.me/c/2620006618/65,wb_jessica_1,2025-07-08T19:41:48.344103+00:00,ok,2025-07-08T19:41:50.586581+00:00,ok
6287241484,a4468aff-1607-4b6d-b129-641225d22b8f,https://t.me/c/2620006618/65,wb_jessica_1,2025-07-08T19:41:51.669174+00:00,ok,2025-07-08T19:41:53.931921+00:00,ok
6417534312,b007397a-60c1-4d2d-ac89-483809ee7cf8,https://t.me/c/2620006618/65,wb_jessica_1,2025-07-08T19:41:55.023234+00:00,ok,2025-07-08T19:41:57.567487+00:00,ok
7321542939,c7593efd-c086-4ca0-acbc-12ee28ce3ade,https://t.me/c/2620006618/65,wb_jessica_1,,Forbidden: bot was blocked by the user,,
7573219510,6039b5b5-2fbf-4968-b563-13af633a704c,https://t.me/c/2620006618/65,wb_jessica_1,,Forbidden: bot was blocked by the user,,
5931997628,9d7d44af-771c-4cdc-9195-641963e93488,https://t.me/c/2620006618/65,wb_jessica_1,2025-07-08T19:42:01.079359+00:00,ok,2025-07-08T19:42:03.503935+00:00,ok
5622593309,986f0d30-41e4-4f68-9057-539cf1ab21f3,https://t.me/c/2620006618/65,wb_jessica_1,2025-07-08T19:42:04.591482+00:00,ok,2025-07-08T19:42:07.246114+00:00,ok
8135244455,2deb0c32-d182-49ca-b0ce-19d7eb51bd5c,https://t.me/c/2620006618/65,wb_jessica_1,2025-07-08T19:42:08.411252+00:00,ok,2025-07-08T19:42:11.005779+00:00,ok
6212332428,018fa454-3d28-45b8-98fc-1b84e4c5f388,https://t.me/c/2620006618/65,wb_jessica_1,2025-07-08T19:42:12.079799+00:00,ok,2025-07-08T19:42:14.566551+00:00,ok
6195330328,a25f3f07-0884-4428-bacd-4fea9d0bfe16,https://t.me/c/2620006618/65,wb_jessica_1,,Forbidden: bot was blocked by the user,,
7292642921,617bec42-589c-42bf-b13e-ce5bd5b204a0,https://t.me/c/2620006618/66,wb_zoeteacher_1,,Bad Request: chat not found,,
7328778825,bf51ddb0-28bf-4ec1-a971-24b3ab7dccbc,https://t.me/c/2620006618/66,wb_zoeteacher_1,2025-07-08T19:42:17.779920+00:00,ok,2025-07-08T19:42:20.356217+00:00,ok
685050356,38de7b2c-304d-4bd9-a53c-d06f0e7e2e9a,https://t.me/c/2620006618/66,wb_zoeteacher_1,,Forbidden: bot was blocked by the user,,
7930093473,43dfcf2b-f4df-451b-9cc7-4ff2f6e677c2,https://t.me/c/2620006618/66,wb_zoeteacher_1,2025-07-08T19:42:22.578085+00:00,ok,2025-07-08T19:42:24.883888+00:00,ok
7321189758,6206b840-7cd2-4aa2-ab33-8b68362f9b00,https://t.me/c/2620006618/66,wb_zoeteacher_1,2025-07-08T19:42:25.976643+00:00,ok,2025-07-08T19:42:28.322648+00:00,ok
7015948288,76640fb8-db42-434d-b9fc-8815142fb160,https://t.me/c/2620006618/66,wb_zoeteacher_1,,Forbidden: bot was blocked by the user,,
1736634302,b9f79575-63be-4558-af42-069b944b4a81,https://t.me/c/2620006618/66,wb_zoeteacher_1,,Forbidden: bot was blocked by the user,,
6304955831,8f4822e0-0d69-440e-bb64-6d347daddb2e,https://t.me/c/2620006618/66,wb_zoeteacher_1,,Forbidden: bot was blocked by the user,,
8096035952,01b5d0f4-c4a2-47f1-b887-df55ae58b9db,https://t.me/c/2620006618/66,wb_zoeteacher_1,2025-07-08T19:42:32.718550+00:00,ok,2025-07-08T19:42:35.092127+00:00,ok
6207801307,6c919110-927b-415e-a08e-5d4ecb2b6f3f,https://t.me/c/2620006618/66,wb_zoeteacher_1,2025-07-08T19:42:36.156950+00:00,ok,2025-07-08T19:42:38.492890+00:00,ok
7327569330,87eae426-4550-464f-8435-866df996caff,https://t.me/c/2620006618/66,wb_zoeteacher_1,2025-07-08T19:42:39.597573+00:00,ok,2025-07-08T19:42:41.921198+00:00,ok
1104321097,aa17547c-5b63-41b0-867b-c36b45740bf6,https://t.me/c/2620006618/66,wb_zoeteacher_1,2025-07-08T19:42:43.075803+00:00,ok,2025-07-08T19:42:45.318877+00:00,ok
5247107273,e0819a96-6f03-4821-aaad-d2791712e71f,https://t.me/c/2620006618/66,wb_zoeteacher_1,,Forbidden: bot was blocked by the user,,
7462226357,49fb417f-5843-43b0-aad9-facd110adad0,https://t.me/c/2620006618/66,wb_zoeteacher_1,,Forbidden: bot was blocked by the user,,
7134189554,4dc7eac0-db53-43df-8b97-4c2d7970c700,https://t.me/c/2620006618/66,wb_zoeteacher_1,2025-07-08T19:42:48.522115+00:00,ok,2025-07-08T19:42:50.826303+00:00,ok
7608501248,6f013b87-271b-4a51-bd92-d24fb3409391,https://t.me/c/2620006618/66,wb_zoeteacher_1,,Forbidden: bot was blocked by the user,,
7649975132,f4ca8ff5-a6f3-4a4f-9ae9-0ce7378a0bdc,https://t.me/c/2620006618/66,wb_zoeteacher_1,,Forbidden: bot was blocked by the user,,
6004936404,515db078-e2f3-43a0-8447-df835c939dd3,https://t.me/c/2620006618/66,wb_zoeteacher_1,,Forbidden: bot was blocked by the user,,
102054879,bdcf4ad8-e735-418b-9990-310a5c6d83c1,https://t.me/c/2620006618/66,wb_zoeteacher_1,,Bad Request: chat not found,,
6359335586,71a5c624-1733-406a-bc15-84fbe91cf1c9,https://t.me/c/2620006618/66,wb_zoeteacher_1,2025-07-08T19:42:56.307367+00:00,ok,2025-07-08T19:42:58.560488+00:00,ok
7676412806,37afc4eb-d7ba-4d18-9051-f28678678072,https://t.me/c/2620006618/66,wb_zoeteacher_1,2025-07-08T19:42:59.622965+00:00,ok,2025-07-08T19:43:01.859136+00:00,ok
6449406664,141be9e9-90c8-44fc-a143-78e6643046d9,https://t.me/c/2620006618/66,wb_zoeteacher_1,,Forbidden: bot was blocked by the user,,
5787872854,34dd6f2c-fec6-427e-8d26-71bed0194624,https://t.me/c/2620006618/66,wb_zoeteacher_1,,Forbidden: bot was blocked by the user,,
8044868405,bcd863b3-2bc1-4f8d-b106-f5c2d1986a16,https://t.me/c/2620006618/66,wb_zoeteacher_1,,Forbidden: bot was blocked by the user,,
5930327181,33a3ee75-146f-4026-8741-689d67dbc4b8,https://t.me/c/2620006618/66,wb_zoeteacher_1,2025-07-08T19:43:06.295837+00:00,ok,2025-07-08T19:43:08.700783+00:00,ok
7576248012,429b9839-00ff-4e53-ad9c-007754714e26,https://t.me/c/2620006618/66,wb_zoeteacher_1,,Forbidden: bot was blocked by the user,,
6626323354,7a4a34d4-0bb6-434d-8061-144d702ee69e,https://t.me/c/2620006618/66,wb_zoeteacher_1,2025-07-08T19:43:10.882539+00:00,ok,2025-07-08T19:43:13.279140+00:00,ok
6906514243,4e2d2fd4-799c-49ac-99c1-0a14632a230a,https://t.me/c/2620006618/66,wb_zoeteacher_1,2025-07-08T19:43:14.422968+00:00,ok,2025-07-08T19:43:16.858248+00:00,ok
7467703955,bf3d1d35-8993-4d30-8025-ee81ee1ac72d,https://t.me/c/2620006618/66,wb_zoeteacher_1,2025-07-08T19:43:17.940154+00:00,ok,2025-07-08T19:43:20.297082+00:00,ok
893331990,0b2dd193-deb8-423f-9382-401810374d37,https://t.me/c/2620006618/66,wb_zoeteacher_1,,Forbidden: bot was blocked by the user,,
7340908555,f70cc963-68c0-4de1-923e-ef4e02155374,https://t.me/c/2620006618/66,wb_zoeteacher_1,,Forbidden: bot was blocked by the user,,
7401549672,31bf6e8d-e59e-4423-8a33-bc09e4749601,https://t.me/c/2620006618/66,wb_zoeteacher_1,2025-07-08T19:43:23.525952+00:00,ok,2025-07-08T19:43:26.023090+00:00,ok
5020414357,baf4527e-a8fa-47bc-8f4f-5f9ef5f76112,https://t.me/c/2620006618/66,wb_zoeteacher_1,2025-07-08T19:43:27.175385+00:00,ok,2025-07-08T19:43:29.520064+00:00,ok
7911404527,9e769e1b-32f2-4e94-82e6-32931b791d6e,https://t.me/c/2620006618/66,wb_zoeteacher_1,,Forbidden: bot was blocked by the user,,
1919902814,a75ccb8b-5435-4f6e-8f49-4086a95ef0be,https://t.me/c/2620006618/66,wb_zoeteacher_1,,Forbidden: bot was blocked by the user,,
1428979997,4cce6caa-4a29-4320-aee1-f0be9598afa7,https://t.me/c/2620006618/66,wb_zoeteacher_1,,Forbidden: bot was blocked by the user,,
407816362,cda95c3d-9c38-4528-97c9-2973123c5ec0,https://t.me/c/2620006618/66,wb_zoeteacher_1,2025-07-08T19:43:33.906095+00:00,ok,2025-07-08T19:43:36.278590+00:00,ok
2006273554,45ee6788-4b70-445e-9a32-71147df9b8b0,https://t.me/c/2620006618/66,wb_zoeteacher_1,2025-07-08T19:43:37.369446+00:00,ok,2025-07-08T19:43:39.698393+00:00,ok
990248403,af25d7e4-c632-4783-929e-8d465f62e447,https://t.me/c/2620006618/66,wb_zoeteacher_1,,Forbidden: bot was blocked by the user,,
5632315735,fb43c1da-531f-4d85-bb65-7b939ac6cbbd,https://t.me/c/2620006618/66,wb_zoeteacher_1,,Forbidden: bot was blocked by the user,,
5354182542,2c1880c9-a2c3-42a3-9830-15a3d76ea565,https://t.me/c/2620006618/66,wb_zoeteacher_1,,Forbidden: bot was blocked by the user,,
488097715,f33ce213-68d5-410e-8b3a-0b58c7bfe491,https://t.me/c/2620006618/66,wb_zoeteacher_1,,Forbidden: bot was blocked by the user,,
8154525173,3e8fef37-86bc-405b-97df-3dd65f5fa6e7,https://t.me/c/2620006618/66,wb_zoeteacher_1,,Forbidden: bot was blocked by the user,,
7676344852,97efe8a6-76cc-4c93-ba3f-ba44998b525c,https://t.me/c/2620006618/66,wb_zoeteacher_1,2025-07-08T19:43:46.133898+00:00,ok,2025-07-08T19:43:48.628727+00:00,ok
6588012188,fb3b2700-b53f-49e1-be55-2d8887f0b871,https://t.me/c/2620006618/66,wb_zoeteacher_1,2025-07-08T19:43:49.689496+00:00,ok,2025-07-08T19:43:51.984415+00:00,ok
7530501932,1dcbf0a3-f5fe-4f12-aa6e-f811760143a1,https://t.me/c/2620006618/66,wb_zoeteacher_1,2025-07-08T19:43:53.168258+00:00,ok,2025-07-08T19:43:55.461555+00:00,ok
5145270417,59220baa-74d9-4f5f-a3e1-70a46b253bf0,https://t.me/c/2620006618/66,wb_zoeteacher_1,,Forbidden: bot was blocked by the user,,
7272717451,4b7d5898-f94c-4d2a-9e28-efa05219cab3,https://t.me/c/2620006618/66,wb_zoeteacher_1,,Forbidden: bot was blocked by the user,,
6203401369,de93bde9-f60a-45c6-acc1-888baf252d3e,https://t.me/c/2620006618/66,wb_zoeteacher_1,2025-07-08T19:43:58.744541+00:00,ok,2025-07-08T19:44:01.219773+00:00,ok
5773432133,5e6b90c3-9238-4557-8043-d4b38da90a9e,https://t.me/c/2620006618/66,wb_zoeteacher_1,2025-07-08T19:44:02.312958+00:00,ok,2025-07-08T19:44:04.750446+00:00,ok
7857830613,98e70138-f0ed-4765-a851-e3d80904d411,https://t.me/c/2620006618/66,wb_zoeteacher_1,2025-07-08T19:44:05.933758+00:00,ok,2025-07-08T19:44:08.520420+00:00,ok
7562017972,fcb51663-c9f9-4781-b506-d8e2ee12ef12,https://t.me/c/2620006618/66,wb_zoeteacher_1,2025-07-08T19:44:09.585613+00:00,ok,2025-07-08T19:44:11.902038+00:00,ok
7338482895,c905d787-7034-4507-a152-ef0332e44504,https://t.me/c/2620006618/66,wb_zoeteacher_1,2025-07-08T19:44:13.001922+00:00,ok,2025-07-08T19:44:15.531020+00:00,ok
5688464144,6a978c3e-0d9a-4d9a-8355-6e57d48c08a2,https://t.me/c/2620006618/66,wb_zoeteacher_1,2025-07-08T19:44:16.658696+00:00,ok,2025-07-08T19:44:19.128414+00:00,ok
6625628223,f8be7a84-ced6-4417-82bd-7a14f40b5b95,https://t.me/c/2620006618/66,wb_zoeteacher_1,,Bad Request: chat not found,,
6414133039,86bb6e2c-1b57-40f8-8a59-cdc16008abe6,https://t.me/c/2620006618/66,wb_zoeteacher_1,2025-07-08T19:44:21.278298+00:00,ok,2025-07-08T19:44:23.677592+00:00,ok
5708919215,1a98337e-7b25-4235-a1a7-ceb8545e4b5f,https://t.me/c/2620006618/66,wb_zoeteacher_1,,Forbidden: bot was blocked by the user,,
7392512565,41d69124-cdbe-491b-a9b9-92044f8097c8,https://t.me/c/2620006618/66,wb_zoeteacher_1,2025-07-08T19:44:25.842943+00:00,ok,2025-07-08T19:44:28.287656+00:00,ok
7411275372,4e527485-f50e-4e52-a1b1-4ec7075affa0,https://t.me/c/2620006618/66,wb_zoeteacher_1,2025-07-08T19:44:29.360515+00:00,ok,2025-07-08T19:44:31.790256+00:00,ok
6613305598,8e5b425e-454d-481f-88fe-730cded186f3,https://t.me/c/2620006618/66,wb_zoeteacher_1,,Forbidden: bot was blocked by the user,,
1050351259,340e80a8-1c15-487d-80e7-e844da4272ee,https://t.me/c/2620006618/66,wb_zoeteacher_1,,Forbidden: bot was blocked by the user,,
616579546,4dda8a3d-4961-4fd8-a4db-a0b9a5764572,https://t.me/c/2620006618/66,wb_zoeteacher_1,2025-07-08T19:44:35.017548+00:00,ok,2025-07-08T19:44:37.342718+00:00,ok
7951048546,79d642d4-3e56-4962-a8db-db514fe466c6,https://t.me/c/2620006618/66,wb_zoeteacher_1,2025-07-08T19:44:38.414488+00:00,ok,2025-07-08T19:44:40.998893+00:00,ok
6307027199,1bbbf60f-a739-4efd-8979-e7e92e8876fb,https://t.me/c/2620006618/66,wb_zoeteacher_1,2025-07-08T19:44:42.308552+00:00,ok,2025-07-08T19:44:44.664142+00:00,ok
8152837611,1510f849-b083-4145-a21a-24aec7b96e58,https://t.me/c/2620006618/66,wb_zoeteacher_1,2025-07-08T19:44:45.732047+00:00,ok,2025-07-08T19:44:48.083948+00:00,ok
7010505278,ddffa26b-6126-49ee-9e15-54ac28c97417,https://t.me/c/2620006618/66,wb_zoeteacher_1,,Forbidden: bot was blocked by the user,,
327368746,d7e9fc9d-78a1-4b0d-94e0-40084cde695e,https://t.me/c/2620006618/66,wb_zoeteacher_1,2025-07-08T19:44:50.454472+00:00,ok,2025-07-08T19:44:52.919620+00:00,ok
8016538843,dba8f568-7a58-4ffc-aaaa-9881eca1972e,https://t.me/c/2620006618/66,wb_zoeteacher_1,,Forbidden: bot was blocked by the user,,
7316112974,8cee191f-48e5-4313-bcb3-901b5619d4e0,https://t.me/c/2620006618/66,wb_zoeteacher_1,2025-07-08T19:44:55.059720+00:00,ok,2025-07-08T19:44:57.593156+00:00,ok
676718200,b7807392-7a18-4823-b093-d81743d79afa,https://t.me/c/2620006618/66,wb_zoeteacher_1,,Bad Request: chat not found,,
5723973289,46d83d06-16ba-40d6-8a7f-4bb7052c995d,https://t.me/c/2620006618/66,wb_zoeteacher_1,,Forbidden: bot was blocked by the user,,
5002049273,a39c8651-42d4-463f-8a19-c9b6a4b36c22,https://t.me/c/2620006618/66,wb_zoeteacher_1,,Forbidden: bot was blocked by the user,,
6663694530,f4ffabbd-6bdf-4bcf-8e1a-44f40b1daf29,https://t.me/c/2620006618/66,wb_zoeteacher_1,2025-07-08T19:45:02.214598+00:00,ok,2025-07-08T19:45:04.665504+00:00,ok
7971383538,2ebf2ccd-bd5f-4fac-8030-234c01ee4e95,https://t.me/c/2620006618/66,wb_zoeteacher_1,2025-07-08T19:45:05.805440+00:00,ok,2025-07-08T19:45:08.344648+00:00,ok
5599732040,c1bf1296-a23e-46ee-afe9-3edb43a8a15b,https://t.me/c/2620006618/66,wb_zoeteacher_1,,Forbidden: bot was blocked by the user,,
7951553593,15cc031a-27d3-460f-ab43-39224a352f72,https://t.me/c/2620006618/66,wb_zoeteacher_1,,Forbidden: bot was blocked by the user,,
7372655254,76983c42-e266-43b2-9787-66b92fc7021b,https://t.me/c/2620006618/66,wb_zoeteacher_1,,Forbidden: bot was blocked by the user,,
1165235065,664b143d-86f9-482a-933c-aed9c8b491d2,https://t.me/c/2620006618/66,wb_zoeteacher_1,,Forbidden: bot was blocked by the user,,
7634354259,c7dbece3-cca3-4e2b-808c-10f539bbbf3e,https://t.me/c/2620006618/66,wb_zoeteacher_1,2025-07-08T19:45:13.962422+00:00,ok,2025-07-08T19:45:15.737083+00:00,ok
5077430790,4a0a6932-eaba-4682-8829-80a65983931d,https://t.me/c/2620006618/66,wb_zoeteacher_1,2025-07-08T19:45:16.812410+00:00,ok,2025-07-08T19:45:19.342418+00:00,ok
8092457939,b768cb0d-3aea-4f0b-a9d1-e48e07b8111d,https://t.me/c/2620006618/66,wb_zoeteacher_1,2025-07-08T19:45:20.436502+00:00,ok,2025-07-08T19:45:22.762184+00:00,ok
5125916812,89536ef3-4975-4ca5-a3f8-42c924e5e031,https://t.me/c/2620006618/66,wb_zoeteacher_1,,Forbidden: bot was blocked by the user,,
7782457955,c70be459-ae6f-425a-9680-c008bdf5e60e,https://t.me/c/2620006618/66,wb_zoeteacher_1,,Forbidden: bot was blocked by the user,,
6897488515,10de5e4a-3a34-429f-ab68-a1f265037a80,https://t.me/c/2620006618/66,wb_zoeteacher_1,2025-07-08T19:45:25.952297+00:00,ok,2025-07-08T19:45:28.526004+00:00,ok
1759447012,ab60b82e-5e01-4ed4-9e5a-e4e3e873b361,https://t.me/c/2620006618/66,wb_zoeteacher_1,,Forbidden: bot was blocked by the user,,
5373296834,0e8e8acf-8889-4d70-92aa-8b1baf20ff3b,https://t.me/c/2620006618/66,wb_zoeteacher_1,,Forbidden: bot was blocked by the user,,
1932157976,1422a94d-c7c4-4855-b588-88cd1573181a,https://t.me/c/2620006618/66,wb_zoeteacher_1,2025-07-08T19:45:31.932430+00:00,ok,2025-07-08T19:45:34.665007+00:00,ok
6144103206,1cbab26a-57e0-4986-bbfb-4d172c8d20d8,https://t.me/c/2620006618/66,wb_zoeteacher_1,2025-07-08T19:45:35.750897+00:00,ok,2025-07-08T19:45:38.601159+00:00,ok
1952170845,a6e26bb2-0b5f-43ee-a98e-d8698edb1436,https://t.me/c/2620006618/66,wb_zoeteacher_1,,Forbidden: bot was blocked by the user,,
6145133726,37e8eb25-cdde-4151-8b30-aa8bc7481bae,https://t.me/c/2620006618/66,wb_zoeteacher_1,2025-07-08T19:45:40.846720+00:00,ok,2025-07-08T19:45:43.692889+00:00,ok
5804943565,9a3c491b-7633-4e26-b706-21b1566ddd90,https://t.me/c/2620006618/66,wb_zoeteacher_1,2025-07-08T19:45:44.768549+00:00,ok,2025-07-08T19:45:47.495566+00:00,ok
7325978985,aa7301f6-e90c-4a2c-a7ef-ea714d64b161,https://t.me/c/2620006618/66,wb_zoeteacher_1,,Forbidden: bot was blocked by the user,,
5620550332,d03928d7-1ad7-4ab6-a1d6-94aa159592f8,https://t.me/c/2620006618/66,wb_zoeteacher_1,2025-07-08T19:45:49.800945+00:00,ok,2025-07-08T19:45:55.455769+00:00,ok
5478357271,3a2ca73e-2710-4326-88c8-c4da1b2c7eb7,https://t.me/c/2620006618/66,wb_zoeteacher_1,2025-07-08T19:45:56.589750+00:00,ok,2025-07-08T19:45:59.587218+00:00,ok
7970899066,c179cd9f-a39b-4910-be7e-fee9b29c131e,https://t.me/c/2620006618/66,wb_zoeteacher_1,2025-07-08T19:46:00.662291+00:00,ok,2025-07-08T19:46:03.528038+00:00,ok
1882944558,56834305-89fe-4bd6-9f63-8ce464c8f41c,https://t.me/c/2620006618/66,wb_zoeteacher_1,2025-07-08T19:46:04.736981+00:00,ok,2025-07-08T19:46:08.004304+00:00,ok
7854255876,e1a4bf00-673a-47a7-be65-68840c5b97d5,https://t.me/c/2620006618/66,wb_zoeteacher_1,2025-07-08T19:46:09.079476+00:00,ok,2025-07-08T19:46:12.100495+00:00,ok
7059515373,7c7dbf0f-2178-4321-b92c-40c72dee7a07,https://t.me/c/2620006618/66,wb_zoeteacher_1,,Forbidden: bot was blocked by the user,,
5980989425,d319b348-e64e-49bb-b814-98c30eebc3fe,https://t.me/c/2620006618/66,wb_zoeteacher_1,2025-07-08T19:46:14.296764+00:00,ok,2025-07-08T19:46:17.821779+00:00,ok
6807793396,37ff421c-57c5-45f4-9d91-9b64e17991b8,https://t.me/c/2620006618/66,wb_zoeteacher_1,,Forbidden: bot was blocked by the user,,
5944707885,aa057971-d658-44e8-993a-a165a7f65edb,https://t.me/c/2620006618/66,wb_zoeteacher_1,,Forbidden: bot was blocked by the user,,
7715463049,dfc22380-92eb-45a9-9074-87c439bc1c7a,https://t.me/c/2620006618/66,wb_zoeteacher_1,,Forbidden: bot was blocked by the user,,
6991490292,99b21e29-8029-4d9f-868a-421b60033144,https://t.me/c/2620006618/66,wb_zoeteacher_1,2025-07-08T19:46:22.182197+00:00,ok,2025-07-08T19:46:25.117165+00:00,ok
6230011932,4eb3b83b-6a87-411f-9403-0fbb1822392c,https://t.me/c/2620006618/66,wb_zoeteacher_1,2025-07-08T19:46:26.255761+00:00,ok,2025-07-08T19:46:29.286653+00:00,ok
906584269,706c93f8-3d50-4356-9dc9-640637f8141b,https://t.me/c/2620006618/66,wb_zoeteacher_1,,Forbidden: bot was blocked by the user,,
6918203156,67a6f508-6966-4af6-b06a-ff05ba9084c8,https://t.me/c/2620006618/66,wb_zoeteacher_1,,Forbidden: bot was blocked by the user,,
1160899339,9f93a6e0-a41d-4f49-920d-9936cf39b832,https://t.me/c/2620006618/66,wb_zoeteacher_1,,Forbidden: bot was blocked by the user,,
108642608,c54f540a-6a3d-4094-8fc8-73a183c1c3c7,https://t.me/c/2620006618/66,wb_zoeteacher_1,2025-07-08T19:46:33.768207+00:00,ok,2025-07-08T19:46:37.033602+00:00,ok
1458407221,2967c5a2-ded1-46d0-860d-11365ab136f3,https://t.me/c/2620006618/66,wb_zoeteacher_1,2025-07-08T19:46:38.254840+00:00,ok,2025-07-08T19:46:41.220314+00:00,ok
1319108940,45de7754-b725-4ed6-bc24-2cc3ccfd4ef9,https://t.me/c/2620006618/66,wb_zoeteacher_1,,Forbidden: bot was blocked by the user,,
5131546627,51a75c95-6c8a-46fd-8217-74c5dff6bef1,https://t.me/c/2620006618/66,wb_zoeteacher_1,2025-07-08T19:46:43.585502+00:00,ok,2025-07-08T19:46:46.546566+00:00,ok
5656514974,3b1b9bc4-2762-4929-ad9c-55455a34addf,https://t.me/c/2620006618/66,wb_zoeteacher_1,2025-07-08T19:46:47.612391+00:00,ok,2025-07-08T19:46:50.842104+00:00,ok
6308014609,eac74e46-8f64-41a4-b24b-4d860ceaa336,https://t.me/c/2620006618/66,wb_zoeteacher_1,,Forbidden: bot was blocked by the user,,
375246668,62e02cc4-5cc8-4d77-a237-75afdb20feee,https://t.me/c/2620006618/66,wb_zoeteacher_1,2025-07-08T19:46:53.141459+00:00,ok,2025-07-08T19:46:56.139810+00:00,ok
7379399357,cbd316f3-958f-4869-bda3-995310ffda3a,https://t.me/c/2620006618/66,wb_zoeteacher_1,2025-07-08T19:46:57.240916+00:00,ok,2025-07-08T19:47:00.145838+00:00,ok
1349553090,3fb212bf-2fd9-4cb0-a6bd-4abfadb6150c,https://t.me/c/2620006618/66,wb_zoeteacher_1,2025-07-08T19:47:01.212983+00:00,ok,2025-07-08T19:47:05.091263+00:00,ok
6893121793,7fd9f272-45e3-4264-9589-fd2321b19a52,https://t.me/c/2620006618/66,wb_zoeteacher_1,,Forbidden: bot was blocked by the user,,
1827172971,a65668ae-b0cd-45db-b511-2cd9eeb8ac38,https://t.me/c/2620006618/66,wb_zoeteacher_1,,Forbidden: bot was blocked by the user,,
6918584988,b1f3c2b1-8438-42d5-8277-0ed0be1e6d38,https://t.me/c/2620006618/66,wb_zoeteacher_1,,Forbidden: bot was blocked by the user,,
7787090223,c20503f3-9d93-490d-bb8a-da5f4e6d5c99,https://t.me/c/2620006618/66,wb_zoeteacher_1,,Forbidden: user is deactivated,,
7544539558,87b5e526-360a-4e63-8757-414e12f69b45,https://t.me/c/2620006618/66,wb_zoeteacher_1,2025-07-08T19:47:10.847746+00:00,ok,2025-07-08T19:47:14.085255+00:00,ok
714962203,62621179-487d-45dd-a1db-4dc59c5a8d0d,https://t.me/c/2620006618/66,wb_zoeteacher_1,,Forbidden: bot was blocked by the user,,
5758546563,9ce7e968-197a-4cd3-8eac-0619cd0afb49,https://t.me/c/2620006618/66,wb_zoeteacher_1,,Forbidden: bot was blocked by the user,,
7374265105,fdf87825-73b5-4ed9-9548-eb6ff6b1f78a,https://t.me/c/2620006618/66,wb_zoeteacher_1,,Forbidden: bot was blocked by the user,,
6199850209,6f8db071-2043-4c59-9c04-9947bbda24fc,https://t.me/c/2620006618/66,wb_zoeteacher_1,,Forbidden: bot was blocked by the user,,
5737061833,74b8c403-b338-4146-ad80-e1c71b6807b6,https://t.me/c/2620006618/66,wb_zoeteacher_1,,Forbidden: bot was blocked by the user,,
1172985983,7e96f3fd-c344-483c-89e0-6f3364cb1147,https://t.me/c/2620006618/66,wb_zoeteacher_1,2025-07-08T19:47:20.990725+00:00,ok,2025-07-08T19:47:24.380349+00:00,ok
8123135722,e23a4c8c-d1ff-4451-9b53-6725fda9800b,https://t.me/c/2620006618/66,wb_zoeteacher_1,2025-07-08T19:47:25.465044+00:00,ok,2025-07-08T19:47:29.019879+00:00,ok
6787935607,f8ee50e2-d9a4-450c-8205-a96454b9cb27,https://t.me/c/2620006618/66,wb_zoeteacher_1,2025-07-08T19:47:30.104511+00:00,ok,2025-07-08T19:47:33.439006+00:00,ok
7861860299,00fff654-5c32-429f-ac65-14c0b78e9e4c,https://t.me/c/2620006618/59,wb_zoesecretary_1,,Forbidden: bot was blocked by the user,,
5418710602,fe6f16f6-8c2b-4aaf-9890-d0805cc73c82,https://t.me/c/2620006618/59,wb_zoesecretary_1,,Forbidden: bot was blocked by the user,,
8060320975,984dd8da-b1d4-42f2-a17e-8275e3d644aa,https://t.me/c/2620006618/59,wb_zoesecretary_1,2025-07-08T19:47:36.702605+00:00,ok,2025-07-08T19:47:39.763957+00:00,ok
8014593601,0b017bdd-11cc-42cb-b5d1-16664ef6683e,https://t.me/c/2620006618/59,wb_zoesecretary_1,,Bad Request: chat not found,,
7878399125,625418f6-9c90-4bde-95a3-d309d8e46beb,https://t.me/c/2620006618/59,wb_zoesecretary_1,2025-07-08T19:47:41.899471+00:00,ok,2025-07-08T19:47:45.163240+00:00,ok
7572082520,233e5e2d-2e57-4c07-8dd2-35b321dd2fe2,https://t.me/c/2620006618/59,wb_zoesecretary_1,,Forbidden: bot was blocked by the user,,
7405239783,dfa718c0-510c-4bb8-9195-97b894cc0782,https://t.me/c/2620006618/59,wb_zoesecretary_1,,Forbidden: bot was blocked by the user,,
7601050237,37da1f5a-c7c5-43c4-840b-5f97c0003c9d,https://t.me/c/2620006618/59,wb_zoesecretary_1,2025-07-08T19:47:48.381891+00:00,ok,2025-07-08T19:47:51.402341+00:00,ok
5761593259,a62fbef9-0931-401a-9014-16b33cad81ec,https://t.me/c/2620006618/59,wb_zoesecretary_1,,Forbidden: bot was blocked by the user,,
7331549558,b616520f-dd44-45f5-8766-048f8a47ab39,https://t.me/c/2620006618/59,wb_zoesecretary_1,,Forbidden: bot was blocked by the user,,
7175265689,2b99b778-285b-4b10-bf87-cf60bb9bcc52,https://t.me/c/2620006618/59,wb_zoesecretary_1,,Forbidden: bot was blocked by the user,,
5234175616,b9ebf2d6-ffa8-4647-82c5-36e2910cfde9,https://t.me/c/2620006618/59,wb_zoesecretary_1,2025-07-08T19:47:55.738199+00:00,ok,2025-07-08T19:47:59.000943+00:00,ok
7843431820,e05e62aa-38e7-4cd2-8a53-354728d7f307,https://t.me/c/2620006618/59,wb_zoesecretary_1,,Forbidden: bot was blocked by the user,,
5507977443,f685e862-bdca-4bce-bfe2-ec0be79579c0,https://t.me/c/2620006618/59,wb_zoesecretary_1,2025-07-08T19:48:01.252453+00:00,ok,2025-07-08T19:48:04.604669+00:00,ok
1549059123,b6c9b08d-1981-448b-86cc-11e9cc5e6ed2,https://t.me/c/2620006618/59,wb_zoesecretary_1,,Forbidden: bot was blocked by the user,,
7541639963,0753a00d-4b0b-46f3-976a-f55c07ca2c82,https://t.me/c/2620006618/59,wb_zoesecretary_1,,Bad Request: chat not found,,
5282843039,b7e180fd-528b-4922-997d-cd13e89bec57,https://t.me/c/2620006618/59,wb_zoesecretary_1,,Forbidden: bot was blocked by the user,,
5702272812,ddbbf4a8-2e0d-49ac-87d1-6f8d28248f62,https://t.me/c/2620006618/59,wb_zoesecretary_1,2025-07-08T19:48:09.007496+00:00,ok,2025-07-08T19:48:12.081719+00:00,ok
5123764195,accfb2a0-2594-48d3-ab25-8ca099d4c7c0,https://t.me/c/2620006618/59,wb_zoesecretary_1,,Forbidden: bot was blocked by the user,,
1792921109,901fcd53-c249-4f19-ae24-674908201cb6,https://t.me/c/2620006618/59,wb_zoesecretary_1,,Forbidden: bot was blocked by the user,,
7558358875,d358a39d-3c5c-401a-b3fb-c51d60d89f29,https://t.me/c/2620006618/59,wb_zoesecretary_1,2025-07-08T19:48:15.429271+00:00,ok,2025-07-08T19:48:18.581865+00:00,ok
1959686229,0f2a5376-7739-4f6f-9ca9-02aba6d9cbca,https://t.me/c/2620006618/59,wb_zoesecretary_1,2025-07-08T19:48:19.644658+00:00,ok,2025-07-08T19:48:22.970516+00:00,ok
6929532053,aed77804-71b5-474a-b1eb-0da07dab30d7,https://t.me/c/2620006618/59,wb_zoesecretary_1,,Forbidden: bot was blocked by the user,,
7676017782,92994f50-76a8-49f0-b23e-6ca62d63a40b,https://t.me/c/2620006618/59,wb_zoesecretary_1,,Forbidden: bot was blocked by the user,,
7062746176,35d738a3-7e0f-450b-85ca-9b94493ed39d,https://t.me/c/2620006618/59,wb_zoesecretary_1,,Bad Request: chat not found,,
7488820747,0a76c8ad-6942-4b25-8bf6-d3552a522c70,https://t.me/c/2620006618/59,wb_zoesecretary_1,,Forbidden: bot was blocked by the user,,
8047687544,6f47f6f8-bdec-4d55-8715-cadd96e90062,https://t.me/c/2620006618/59,wb_zoesecretary_1,2025-07-08T19:48:28.252468+00:00,ok,2025-07-08T19:48:31.352928+00:00,ok
5946149563,064c9a62-f638-44ee-a0f3-c06f638f9a65,https://t.me/c/2620006618/59,wb_zoesecretary_1,2025-07-08T19:48:32.424645+00:00,ok,2025-07-08T19:48:35.765818+00:00,ok
2021263120,1dac8f12-f6d2-489f-b62f-84d83785b9ab,https://t.me/c/2620006618/59,wb_zoesecretary_1,,Forbidden: bot was blocked by the user,,
5788196131,08843627-44cd-489e-86b0-af8b7e0dafcb,https://t.me/c/2620006618/59,wb_zoesecretary_1,2025-07-08T19:48:37.867837+00:00,ok,2025-07-08T19:48:40.993520+00:00,ok
7656879772,62639add-4cd2-4821-aa74-77a63899b313,https://t.me/c/2620006618/59,wb_zoesecretary_1,,Forbidden: user is deactivated,,
8179778484,8f0be794-e5d9-48d7-b310-92a668002a88,https://t.me/c/2620006618/59,wb_zoesecretary_1,2025-07-08T19:48:43.096056+00:00,ok,2025-07-08T19:48:46.641684+00:00,ok
6550894840,1d0b41a6-3cec-40fd-8dce-9339f567aacd,https://t.me/c/2620006618/59,wb_zoesecretary_1,,Forbidden: bot was blocked by the user,,
771790036,834b5c02-693c-4703-bb76-c32853c3200e,https://t.me/c/2620006618/59,wb_zoesecretary_1,2025-07-08T19:48:48.742935+00:00,ok,2025-07-08T19:48:51.683030+00:00,ok
754845621,6fdd9d63-c53c-47e3-a7f8-ee41a4c8c7da,https://t.me/c/2620006618/59,wb_zoesecretary_1,,Forbidden: bot was blocked by the user,,
5606474733,a8fe448f-f539-4c66-b787-f79a8a2ab2db,https://t.me/c/2620006618/59,wb_zoesecretary_1,,Forbidden: bot was blocked by the user,,
7502944746,0eb44801-73cf-4e20-9243-ebf6ce31b22c,https://t.me/c/2620006618/59,wb_zoesecretary_1,,Forbidden: bot was blocked by the user,,
1684143085,04bc1322-4ca2-4cd6-86ad-4d3b38a63a77,https://t.me/c/2620006618/59,wb_zoesecretary_1,2025-07-08T19:48:55.893640+00:00,ok,2025-07-08T19:48:58.850624+00:00,ok
7651923149,9b15ae96-4570-4b97-9ee9-eab02b65655b,https://t.me/c/2620006618/59,wb_zoesecretary_1,2025-07-08T19:48:59.911776+00:00,ok,2025-07-08T19:49:03.125140+00:00,ok
6408447380,e0b7bebd-707c-44bf-91f7-3a6d0df647f2,https://t.me/c/2620006618/59,wb_zoesecretary_1,2025-07-08T19:49:04.189210+00:00,ok,2025-07-08T19:49:07.353169+00:00,ok
6728542402,0d60c3d4-5349-446a-99d8-bb998a6e5a5f,https://t.me/c/2620006618/59,wb_zoesecretary_1,2025-07-08T19:49:08.409047+00:00,ok,2025-07-08T19:49:11.690430+00:00,ok
6792402768,4c7c2b61-039d-42b3-8276-a8fdcc257ecd,https://t.me/c/2620006618/59,wb_zoesecretary_1,2025-07-08T19:49:12.772011+00:00,ok,2025-07-08T19:49:16.210675+00:00,ok
1897993160,4c3b07e4-57ad-4f78-9e9d-6d0cd2b6d2e0,https://t.me/c/2620006618/59,wb_zoesecretary_1,,Forbidden: bot was blocked by the user,,
5932153323,c01bcdaa-1f79-432f-a257-c61f5d552da0,https://t.me/c/2620006618/59,wb_zoesecretary_1,,Forbidden: bot was blocked by the user,,
5621236128,160706ba-901e-46f2-8329-f7635c7e4b8f,https://t.me/c/2620006618/59,wb_zoesecretary_1,,Forbidden: bot was blocked by the user,,
1680389768,58965fd9-349a-4a5e-9444-a406341f8777,https://t.me/c/2620006618/59,wb_zoesecretary_1,,Forbidden: bot was blocked by the user,,
630853701,3326b504-430a-4d02-88a3-f0e5873516d5,https://t.me/c/2620006618/59,wb_zoesecretary_1,,Forbidden: bot was blocked by the user,,
6360062300,45afaacd-5396-457c-9989-d0d1b913519f,https://t.me/c/2620006618/59,wb_zoesecretary_1,,Forbidden: bot was blocked by the user,,
7641901994,ed25af58-91c5-4887-8035-6f8c7475390b,https://t.me/c/2620006618/59,wb_zoesecretary_1,2025-07-08T19:49:23.698923+00:00,ok,2025-07-08T19:49:26.875078+00:00,ok
1205663473,7a292b29-58ba-40cc-a182-4812a8729d6c,https://t.me/c/2620006618/59,wb_zoesecretary_1,,Forbidden: bot was blocked by the user,,
1226093990,79e57b18-28e2-4906-a439-6f5e473e1a4c,https://t.me/c/2620006618/59,wb_zoesecretary_1,2025-07-08T19:49:29.166243+00:00,ok,2025-07-08T19:49:32.604512+00:00,ok
7374193846,6ed4e20c-b972-4ada-993b-0523ddfeaa42,https://t.me/c/2620006618/59,wb_zoesecretary_1,2025-07-08T19:49:33.658979+00:00,ok,2025-07-08T19:49:37.013235+00:00,ok
1717596747,588b7f03-8d66-4079-a5c8-050b64eb27f8,https://t.me/c/2620006618/59,wb_zoesecretary_1,,Forbidden: bot was blocked by the user,,
271934535,506e2629-6df0-40ad-9a0b-cb3d413a515e,https://t.me/c/2620006618/59,wb_zoesecretary_1,,Forbidden: bot was blocked by the user,,
5571371927,565bda41-963d-4457-a513-66ba6c5f85c8,https://t.me/c/2620006618/59,wb_zoesecretary_1,2025-07-08T19:49:40.163943+00:00,ok,2025-07-08T19:49:42.957870+00:00,ok
7604832379,61731eac-fd45-4602-8778-ad9705cd3b0b,https://t.me/c/2620006618/59,wb_zoesecretary_1,2025-07-08T19:49:44.017234+00:00,ok,2025-07-08T19:49:47.283267+00:00,ok
6910815449,e6885fbf-d580-47dc-a87e-3ec390b42922,https://t.me/c/2620006618/59,wb_zoesecretary_1,,Forbidden: bot was blocked by the user,,
1907838333,d215f828-2caa-4301-8059-94cbd2171289,https://t.me/c/2620006618/59,wb_zoesecretary_1,2025-07-08T19:49:49.414520+00:00,ok,2025-07-08T19:49:52.562906+00:00,ok
7916919835,f88f62d0-0ac9-4283-b2d4-3f49a2255b0d,https://t.me/c/2620006618/59,wb_zoesecretary_1,,Forbidden: bot was blocked by the user,,
1974321812,5616a1f2-483c-437f-a610-421a93588a65,https://t.me/c/2620006618/59,wb_zoesecretary_1,,Forbidden: bot was blocked by the user,,
7600113259,0655ff4b-1c9d-46f9-96e7-44871c327fa2,https://t.me/c/2620006618/59,wb_zoesecretary_1,2025-07-08T19:49:55.812107+00:00,ok,2025-07-08T19:49:58.771957+00:00,ok
6612090886,a6e484e8-3fbd-491d-b267-ff5d643283a7,https://t.me/c/2620006618/59,wb_zoesecretary_1,,Forbidden: bot was blocked by the user,,
6264292121,6840d576-44c4-4207-a771-cb7be46b11f3,https://t.me/c/2620006618/59,wb_zoesecretary_1,,Forbidden: bot was blocked by the user,,
5119732082,92ad7fae-5498-4b87-8b08-067d49775aee,https://t.me/c/2620006618/59,wb_zoesecretary_1,,Forbidden: bot was blocked by the user,,
7165569665,11ac3f22-5511-4315-b074-3071664dc5c9,https://t.me/c/2620006618/59,wb_zoesecretary_1,,Forbidden: bot was blocked by the user,,
6901627384,137f877a-b93b-4752-a0cf-9744a190fe80,https://t.me/c/2620006618/59,wb_zoesecretary_1,2025-07-08T19:50:04.300170+00:00,ok,2025-07-08T19:50:07.523791+00:00,ok
7889064698,6a558a1e-0873-43d0-b20c-c6ecd4d9a6a0,https://t.me/c/2620006618/59,wb_zoesecretary_1,2025-07-08T19:50:08.602041+00:00,ok,2025-07-08T19:50:11.825200+00:00,ok
7589511480,61c14bc7-2438-4d31-a0bb-83eed210cee0,https://t.me/c/2620006618/59,wb_zoesecretary_1,2025-07-08T19:50:13.025983+00:00,ok,2025-07-08T19:50:14.799830+00:00,ok
7762982534,79676e04-1f76-4c24-b7d6-34afc2c44ebf,https://t.me/c/2620006618/59,wb_zoesecretary_1,2025-07-08T19:50:16.009306+00:00,ok,2025-07-08T19:50:17.711449+00:00,ok
6530018806,1e7650a4-44dc-4cfe-9dda-6dacc76fa24f,https://t.me/c/2620006618/59,wb_zoesecretary_1,,Forbidden: bot was blocked by the user,,
5851985197,9058ee16-669d-4d45-a3db-47131c7b980e,https://t.me/c/2620006618/59,wb_zoesecretary_1,,Forbidden: bot was blocked by the user,,
178788999,e0c84ba8-be91-4e5f-b026-b25a22962c0b,https://t.me/c/2620006618/59,wb_zoesecretary_1,2025-07-08T19:50:20.961763+00:00,ok,2025-07-08T19:50:22.561935+00:00,ok
7574127765,12eafeb2-d814-43d1-aa18-a6b9eb54c95c,https://t.me/c/2620006618/59,wb_zoesecretary_1,,Forbidden: user is deactivated,,
2018133038,ae09bb18-4af0-4490-aa32-2e4a83a6a30a,https://t.me/c/2620006618/59,wb_zoesecretary_1,,Forbidden: bot was blocked by the user,,
6273451715,56c7751a-9174-4b39-8fbd-95ba320c1efb,https://t.me/c/2620006618/59,wb_zoesecretary_1,,Forbidden: bot was blocked by the user,,
7253195662,56397a95-5a90-47b6-8983-24e8f12b2cc9,https://t.me/c/2620006618/59,wb_zoesecretary_1,2025-07-08T19:50:27.227822+00:00,ok,2025-07-08T19:50:28.957993+00:00,ok
1503737802,1465d1ef-f697-4fa9-8427-373bf1eb85cc,https://t.me/c/2620006618/59,wb_zoesecretary_1,2025-07-08T19:50:30.063003+00:00,ok,2025-07-08T19:50:31.735355+00:00,ok
707155356,920284fc-6ee7-4d80-b1e8-d6a9f519d0e8,https://t.me/c/2620006618/59,wb_zoesecretary_1,,Forbidden: bot was blocked by the user,,
7357044450,4fd6b4be-c292-4f06-b938-bb2d2c9e14e5,https://t.me/c/2620006618/59,wb_zoesecretary_1,2025-07-08T19:50:34.014393+00:00,ok,2025-07-08T19:50:35.598405+00:00,ok
7533713413,8c33ae6e-a270-4ef7-b2e0-8fbddf48bd69,https://t.me/c/2620006618/59,wb_zoesecretary_1,2025-07-08T19:50:36.672057+00:00,ok,2025-07-08T19:50:38.367803+00:00,ok
6715145576,ff23231c-5e47-40b3-9eae-62691ba78b70,https://t.me/c/2620006618/59,wb_zoesecretary_1,,Forbidden: bot was blocked by the user,,
5705535118,c651f64a-b573-439f-bbb9-a11dc5ff6db1,https://t.me/c/2620006618/59,wb_zoesecretary_1,2025-07-08T19:50:40.719511+00:00,ok,2025-07-08T19:50:42.426393+00:00,ok
1168276145,8c438a25-d233-4089-8bd7-2d8003deb64d,https://t.me/c/2620006618/59,wb_zoesecretary_1,2025-07-08T19:50:43.495457+00:00,ok,2025-07-08T19:50:45.205898+00:00,ok
1340523891,c6c7ca10-3b99-4423-8241-685a1fd8c955,https://t.me/c/2620006618/59,wb_zoesecretary_1,2025-07-08T19:50:46.438983+00:00,ok,2025-07-08T19:50:48.014683+00:00,ok
7336932555,a6d096a1-4138-4dc3-a1f0-efe29de0a6d6,https://t.me/c/2620006618/59,wb_zoesecretary_1,,Forbidden: bot was blocked by the user,,
788706590,148c1a45-9fa1-452b-b202-9d53a713a038,https://t.me/c/2620006618/59,wb_zoesecretary_1,,Forbidden: bot was blocked by the user,,
7916478174,13e81b22-dc5f-49ca-a4ca-a3c82e656cf9,https://t.me/c/2620006618/59,wb_zoesecretary_1,2025-07-08T19:50:51.229950+00:00,ok,2025-07-08T19:50:52.918245+00:00,ok
1052139331,db7eaac3-0b9e-4ca0-bc84-5e3d294ca5e9,https://t.me/c/2620006618/59,wb_zoesecretary_1,2025-07-08T19:50:54.073873+00:00,ok,2025-07-08T19:50:55.739763+00:00,ok
7572739539,552185e7-30b9-4772-be2a-51e7ddd59a5d,https://t.me/c/2620006618/59,wb_zoesecretary_1,,Forbidden: bot was blocked by the user,,
6073356871,ea861ed3-17d7-4769-bc34-a01b599905f9,https://t.me/c/2620006618/59,wb_zoesecretary_1,2025-07-08T19:50:58.168999+00:00,ok,2025-07-08T19:51:01.044190+00:00,ok
6474565620,417eb0c9-a088-4985-8c6d-44497d273d93,https://t.me/c/2620006618/59,wb_zoesecretary_1,2025-07-08T19:51:02.153165+00:00,ok,2025-07-08T19:51:03.821126+00:00,ok
6779906605,6f2106d1-2c5e-47ac-bd62-38b0d8a1cde5,https://t.me/c/2620006618/59,wb_zoesecretary_1,,Forbidden: bot was blocked by the user,,
5707180327,7d20c227-24b2-4a63-8ce6-7947d3697268,https://t.me/c/2620006618/59,wb_zoesecretary_1,,Forbidden: bot was blocked by the user,,
1856317557,ebc7e0a9-68c4-4b88-8c9d-ee2b845dbbe0,https://t.me/c/2620006618/59,wb_zoesecretary_1,,Forbidden: bot was blocked by the user,,
7800266980,6b0ef9ea-5509-4661-b8a1-752223bae482,https://t.me/c/2620006618/59,wb_zoesecretary_1,2025-07-08T19:51:08.483606+00:00,ok,2025-07-08T19:51:10.074446+00:00,ok
7852891173,84e68739-693b-49bd-9663-ced5a9f3135c,https://t.me/c/2620006618/59,wb_zoesecretary_1,,Forbidden: bot was blocked by the user,,
6213996020,3ecd3879-fb88-4e88-8245-7d7486d3a60c,https://t.me/c/2620006618/59,wb_zoesecretary_1,,Forbidden: bot was blocked by the user,,
1770468772,59ad9618-3051-485b-a9bf-8585e62abe4b,https://t.me/c/2620006618/59,wb_zoesecretary_1,2025-07-08T19:51:13.513335+00:00,ok,2025-07-08T19:51:15.228588+00:00,ok
7611084090,cdc40b7c-e145-4006-a761-be76d9dc3cff,https://t.me/c/2620006618/59,wb_zoesecretary_1,2025-07-08T19:51:16.405013+00:00,ok,2025-07-08T19:51:18.054208+00:00,ok
6563164612,bf95444f-bede-4e27-8c22-833264d8338b,https://t.me/c/2620006618/59,wb_zoesecretary_1,2025-07-08T19:51:19.129878+00:00,ok,2025-07-08T19:51:20.780673+00:00,ok
6555361863,facd22eb-1824-438a-8d63-abb748cef4d1,https://t.me/c/2620006618/59,wb_zoesecretary_1,,Forbidden: bot was blocked by the user,,
6694640151,6d2b0716-c998-4cd1-8a51-588a26ae8187,https://t.me/c/2620006618/59,wb_zoesecretary_1,,Forbidden: bot was blocked by the user,,
7805437277,53cc4411-55a1-4406-8965-9cb40d59a38b,https://t.me/c/2620006618/59,wb_zoesecretary_1,,Forbidden: bot was blocked by the user,,
5149710940,fc04c633-a65c-4aec-8490-daed4f404986,https://t.me/c/2620006618/59,wb_zoesecretary_1,,Forbidden: bot was blocked by the user,,
7900905376,d559f301-f919-4e0b-9b1c-7600bb5569c8,https://t.me/c/2620006618/59,wb_zoesecretary_1,,Forbidden: bot was blocked by the user,,
5607732097,7ca88454-aa32-4144-9ace-16a792edfea9,https://t.me/c/2620006618/59,wb_zoesecretary_1,,Forbidden: bot was blocked by the user,,
1871319621,acf49157-d45e-48af-9fa8-24c92cd8f347,https://t.me/c/2620006618/59,wb_zoesecretary_1,2025-07-08T19:51:28.630630+00:00,ok,2025-07-08T19:51:30.294440+00:00,ok
8017664602,11a4c225-a403-4bf7-8c98-f36ca660df5a,https://t.me/c/2620006618/59,wb_zoesecretary_1,2025-07-08T19:51:31.413358+00:00,ok,2025-07-08T19:51:33.133399+00:00,ok
6161821283,15d0d2be-a891-446d-988e-2d84083812b7,https://t.me/c/2620006618/59,wb_zoesecretary_1,,Forbidden: user is deactivated,,
6676351774,7e2f71bc-c4b0-4cb1-a012-ccfb90c8c9dc,https://t.me/c/2620006618/59,wb_zoesecretary_1,,Forbidden: bot was blocked by the user,,
6094653804,6ae8126d-8a3c-4f67-ac90-a59598581e8d,https://t.me/c/2620006618/59,wb_zoesecretary_1,,Forbidden: bot was blocked by the user,,
6377099264,51c8c6cb-b2ad-4919-9239-25d3c678ce85,https://t.me/c/2620006618/59,wb_zoesecretary_1,2025-07-08T19:51:37.595855+00:00,ok,2025-07-08T19:51:39.207461+00:00,ok
907342498,e6b7dce7-c8cb-4a88-aaa6-7b0901493ff6,https://t.me/c/2620006618/59,wb_zoesecretary_1,,Forbidden: bot was blocked by the user,,
1242557143,b135d88a-ad50-4b4d-bd20-6da4b9a9d574,https://t.me/c/2620006618/59,wb_zoesecretary_1,2025-07-08T19:51:41.598446+00:00,ok,2025-07-08T19:51:43.254308+00:00,ok
1548780776,9e10dbd3-792e-42c4-bccf-ecf02956ff8f,https://t.me/c/2620006618/59,wb_zoesecretary_1,2025-07-08T19:51:44.458460+00:00,ok,2025-07-08T19:51:46.243697+00:00,ok
2006455570,5ed1ea3b-3a72-4862-bffe-6bfabd619ac6,https://t.me/c/2620006618/59,wb_zoesecretary_1,2025-07-08T19:51:47.320464+00:00,ok,2025-07-08T19:51:48.979273+00:00,ok
830205594,673359f7-5226-4cc8-b2bc-9a7b06654241,https://t.me/c/2620006618/59,wb_zoesecretary_1,2025-07-08T19:51:50.103435+00:00,ok,2025-07-08T19:51:51.796278+00:00,ok
7628960070,382eb60e-2691-4383-82df-99cbacab5a15,https://t.me/c/2620006618/59,wb_zoesecretary_1,2025-07-08T19:51:53.161341+00:00,ok,2025-07-08T19:51:54.844559+00:00,ok
8108166392,cb3b6616-8b73-4093-9125-8dc099f72115,https://t.me/c/2620006618/59,wb_zoesecretary_1,,Forbidden: bot was blocked by the user,,
1791857280,94822245-fe36-4b7a-ba25-d1eb2c974f7e,https://t.me/c/2620006618/59,wb_zoesecretary_1,,Forbidden: bot was blocked by the user,,
5485308247,7bd1d46c-6bf8-4e06-82aa-080dc9237d52,https://t.me/c/2620006618/59,wb_zoesecretary_1,,Forbidden: bot was blocked by the user,,
112066053,fbfa8cbd-0cda-4004-bd89-e4a253286a40,https://t.me/c/2620006618/59,wb_zoesecretary_1,,Forbidden: bot was blocked by the user,,
6961380645,3ac13e2b-dcf7-44ea-8db9-240647deb863,https://t.me/c/2620006618/59,wb_zoesecretary_1,2025-07-08T19:52:00.200024+00:00,ok,2025-07-08T19:52:01.809087+00:00,ok
5122204506,126de94a-b0ee-4497-b0a4-2f29f1e77293,https://t.me/c/2620006618/59,wb_zoesecretary_1,2025-07-08T19:52:02.961854+00:00,ok,2025-07-08T19:52:04.585433+00:00,ok
1812840989,3cfb2922-9545-4400-bcd4-f26d8166440a,https://t.me/c/2620006618/59,wb_zoesecretary_1,,Forbidden: bot was blocked by the user,,
5077779974,5003a8c3-7d73-4c40-8263-fd34536208c8,https://t.me/c/2620006618/59,wb_zoesecretary_1,,Forbidden: bot was blocked by the user,,
1096210053,6aebe463-0d93-4717-885d-5162fd897185,https://t.me/c/2620006618/59,wb_zoesecretary_1,,Forbidden: bot was blocked by the user,,
1519333084,4966bd84-491d-4125-8a00-584c63daec5f,https://t.me/c/2620006618/59,wb_zoesecretary_1,2025-07-08T19:52:09.196856+00:00,ok,2025-07-08T19:52:10.937960+00:00,ok
909849263,8d86079b-88ec-4b4e-96ce-210a1e0f0264,https://t.me/c/2620006618/59,wb_zoesecretary_1,2025-07-08T19:52:12.053452+00:00,ok,2025-07-08T19:52:13.766149+00:00,ok
7765930797,3f7d08c6-df12-4cf5-a72e-bf9ecd6a9b09,https://t.me/c/2620006618/59,wb_zoesecretary_1,,Forbidden: bot was blocked by the user,,
7545023098,1dcca03e-38ea-452e-a077-81e1abf20a7f,https://t.me/c/2620006618/59,wb_zoesecretary_1,,Forbidden: bot was blocked by the user,,
7963525096,52bcfb75-60f3-4f12-9b10-3827bf40d634,https://t.me/c/2620006618/59,wb_zoesecretary_1,2025-07-08T19:52:17.101668+00:00,ok,2025-07-08T19:52:18.744975+00:00,ok
6536282750,2e9a505e-afe7-4380-9060-aebf8d9060a1,https://t.me/c/2620006618/59,wb_zoesecretary_1,,Forbidden: bot was blocked by the user,,
992605786,add58c5f-138a-4d3f-a37d-6c616db9158f,https://t.me/c/2620006618/59,wb_zoesecretary_1,2025-07-08T19:52:20.991555+00:00,ok,2025-07-08T19:52:22.747272+00:00,ok
8039421947,00c2c52d-3c56-4458-9e4a-205e0c901cb2,https://t.me/c/2620006618/59,wb_zoesecretary_1,2025-07-08T19:52:23.982275+00:00,ok,2025-07-08T19:52:25.682355+00:00,ok
7798130323,96848d03-338a-4c97-8133-1fdd3cbdcc3a,https://t.me/c/2620006618/59,wb_zoesecretary_1,2025-07-08T19:52:26.781385+00:00,ok,2025-07-08T19:52:28.410725+00:00,ok
7723178714,45e21622-f0e1-4159-8d3a-0e018af138d5,https://t.me/c/2620006618/59,wb_zoesecretary_1,2025-07-08T19:52:29.487867+00:00,ok,2025-07-08T19:52:31.165804+00:00,ok
5525928972,991e6a90-4531-4c3a-8f85-034b71a5ac59,https://t.me/c/2620006618/59,wb_zoesecretary_1,,Forbidden: bot was blocked by the user,,
6666065425,1b45a498-d745-4713-8b00-9ade676edc35,https://t.me/c/2620006618/59,wb_zoesecretary_1,2025-07-08T19:52:33.320535+00:00,ok,2025-07-08T19:52:35.026984+00:00,ok
7803294103,e7c6a431-e8e9-4adb-ac14-836c21e507ea,https://t.me/c/2620006618/59,wb_zoesecretary_1,,Forbidden: bot was blocked by the user,,
7550575359,81ba78d9-202c-4dd7-9b1c-5bd4197ef4a9,https://t.me/c/2620006618/59,wb_zoesecretary_1,2025-07-08T19:52:37.571051+00:00,ok,2025-07-08T19:52:39.287302+00:00,ok
6204718427,90320850-2c4d-4a23-b696-12ef21aa6c9d,https://t.me/c/2620006618/59,wb_zoesecretary_1,,Bad Request: chat not found,,
7377875384,c8d9d37e-667f-4a2a-9e34-284b2ebe72f7,https://t.me/c/2620006618/59,wb_zoesecretary_1,,Forbidden: bot was blocked by the user,,
1334057932,7a8c3dea-d0eb-41a8-a25a-206dfec5d58a,https://t.me/c/2620006618/59,wb_zoesecretary_1,2025-07-08T19:52:42.483117+00:00,ok,2025-07-08T19:52:44.161842+00:00,ok
7624084155,0ef9855c-d332-4bfd-8300-b3053dabbe2b,https://t.me/c/2620006618/59,wb_zoesecretary_1,2025-07-08T19:52:45.317829+00:00,ok,2025-07-08T19:52:46.919223+00:00,ok
6290479679,3490aa35-2b46-4c8e-953f-8a9be0c4c816,https://t.me/c/2620006618/59,wb_zoesecretary_1,2025-07-08T19:52:48.020678+00:00,ok,2025-07-08T19:52:49.727438+00:00,ok
6784047894,0ae9b11e-cc49-400c-9404-b9f6d059fcf2,https://t.me/c/2620006618/59,wb_zoesecretary_1,,Forbidden: bot was blocked by the user,,
5388327649,6c8dca90-da84-4f30-be19-96d3cec79648,https://t.me/c/2620006618/59,wb_zoesecretary_1,,Forbidden: bot was blocked by the user,,
572358987,869d88c7-c2ac-42a2-8d73-dd43660f0763,https://t.me/c/2620006618/59,wb_zoesecretary_1,2025-07-08T19:52:52.931316+00:00,ok,2025-07-08T19:52:54.567787+00:00,ok
